<?xml version="1.0" encoding="UTF-8"?>
<!-- XML Sample Message of message hierarchy                                          -->
<!-- Message:             ADC AP Payments Made v1.0 Rev. 4                            -->
<!-- Transaction:         AA - Audit Data Collection Rev. 271                         -->
<!-- Datamodel:           Audit Data Collection Datamodel, version HEAD Rev. 347      -->
<!-- XML tagset used:     AdcsML                                                      -->
<!-- Generated at:        02-05-2021 16:00:54                                         -->
<!-- Generated using:     EC-Design 2.5.0 (http://www.ec-design.nl)                   -->
<!-- Generated by:        Jan Vrijenhoek (Digitect)                                   -->
<!-- Organisation:        Digitect B.V. (Digitect)                                    -->
<!-- NOTE:    This sample message was generated automatically: manual modifications will be lost -->
<AdcApPaymentsMade xsi:schemaLocation="http://schemas.iso.org/AdcsML/Messages/AdcApPaymentsMade-v1 AdcApPaymentsMade-v1.0.xsd"
		xmlns="http://schemas.iso.org/AdcsML/Messages/AdcApPaymentsMade-v1"
		xmlns:xsi="http://www.w3.org/2001/XMLSchema-instance">
	<ApPayMade>
		<PayId>PM1234</PayId>
		<PayNr>123456789</PayNr>
		<SuplAcntId>S00001</SuplAcntId>
		<PurContrId>C001</PurContrId>
		<ProjId>P001</ProjId>
		<JrnId>JRN1</JrnId>
		<FiscYr>2020</FiscYr>
		<AcntingPer>M1</AcntingPer>
		<PayDt>2020-02-01</PayDt>
		<SetlMthdCd>SC1</SetlMthdCd>
		<RefNr>123456789</RefNr>
		<RefDt>2020-02-15</RefDt>
		<AmtCrDbInd>D</AmtCrDbInd>
		<Rmrk>Payment made</Rmrk>
		<GlDbAcntNr>ACC123456789</GlDbAcntNr>
		<GlCrAcntNr>ACC123456789</GlCrAcntNr>
		<TrAmt>
			<FuncAmt>125.1255</FuncAmt>
			<FuncCurCd>USD</FuncCurCd>
			<TrAmt>125.1255</TrAmt>
			<TrCurCd>USD</TrCurCd>
			<RprtAmt>125.1255</RprtAmt>
			<RprtCurCd>USD</RprtCurCd>
			<LocAmt>125.1255</LocAmt>
			<LocCurCd>USD</LocCurCd>
		</TrAmt>
		<Crea>
			<UserId>JD</UserId>
			<Dt>2020-03-02</Dt>
			<Tm>09:31</Tm>
		</Crea>
		<Aprv>
			<UserId>JD</UserId>
			<Dt>2020-03-02</Dt>
			<Tm>09:31</Tm>
		</Aprv>
		<LstMdf>
			<UserId>JD</UserId>
			<Dt>2020-03-02</Dt>
			<Tm>09:31</Tm>
		</LstMdf>
		<BusSg>
			<BusSgCd>1234</BusSgCd>
		</BusSg>
	</ApPayMade>
</AdcApPaymentsMade>
