<?xml version="1.0" encoding="UTF-8"?>
<!-- XML Sample Message of message hierarchy                                          -->
<!-- Message:             ADC AR Cash Received v1.0 Rev. 5                            -->
<!-- Transaction:         AA - Audit Data Collection Rev. 271                         -->
<!-- Datamodel:           Audit Data Collection Datamodel, version HEAD Rev. 347      -->
<!-- XML tagset used:     AdcsML                                                      -->
<!-- Generated at:        02-05-2021 15:56:02                                         -->
<!-- Generated using:     EC-Design 2.5.0 (http://www.ec-design.nl)                   -->
<!-- Generated by:        Jan Vrijenhoek (Digitect)                                   -->
<!-- Organisation:        Digitect B.V. (Digitect)                                    -->
<!-- NOTE:    This sample message was generated automatically: manual modifications will be lost -->
<AdcArCashReceived xsi:schemaLocation="http://schemas.iso.org/AdcsML/Messages/AdcArCashReceived-v1 AdcArCashReceived-v1.0.xsd"
		xmlns="http://schemas.iso.org/AdcsML/Messages/AdcArCashReceived-v1"
		xmlns:xsi="http://www.w3.org/2001/XMLSchema-instance">
	<ArCashRcvd>
		<RcptId>RC1234</RcptId>
		<RcptNr>123456789</RcptNr>
		<CustAcntId>C00001</CustAcntId>
		<SalContrId>C001</SalContrId>
		<ProjId>P001</ProjId>
		<JrnId>JRN1</JrnId>
		<FiscYr>2020</FiscYr>
		<AcntingPer>M1</AcntingPer>
		<RcptDt>2020-02-01</RcptDt>
		<SetlMthdCd>SC1</SetlMthdCd>
		<RefNr>123456789</RefNr>
		<RefDt>2020-02-15</RefDt>
		<AmtCrDbInd>C</AmtCrDbInd>
		<Rmrk>Cash payment</Rmrk>
		<GlDbAcntNr>ACC123456789</GlDbAcntNr>
		<GlCrAcntNr>ACC123456789</GlCrAcntNr>
		<TrAmt>
			<FuncAmt>125.1255</FuncAmt>
			<FuncCurCd>USD</FuncCurCd>
			<TrAmt>125.1255</TrAmt>
			<TrCurCd>USD</TrCurCd>
			<RprtAmt>125.1255</RprtAmt>
			<RprtCurCd>USD</RprtCurCd>
			<LocAmt>125.1255</LocAmt>
			<LocCurCd>USD</LocCurCd>
		</TrAmt>
		<Crea>
			<UserId>JD</UserId>
			<Dt>2020-03-02</Dt>
			<Tm>09:31</Tm>
		</Crea>
		<Aprv>
			<UserId>JD</UserId>
			<Dt>2020-03-02</Dt>
			<Tm>09:31</Tm>
		</Aprv>
		<LstMdf>
			<UserId>JD</UserId>
			<Dt>2020-03-02</Dt>
			<Tm>09:31</Tm>
		</LstMdf>
		<BusSg>
			<BusSgCd>1234</BusSgCd>
		</BusSg>
	</ArCashRcvd>
</AdcArCashReceived>
