<?xml version="1.0" encoding="UTF-8"?>
<!-- XML Sample Message of message hierarchy                                          -->
<!-- Message:             ADC AP Open Accounts Payable v1.0 Rev. 4                    -->
<!-- Transaction:         AA - Audit Data Collection Rev. 271                         -->
<!-- Datamodel:           Audit Data Collection Datamodel, version HEAD Rev. 347      -->
<!-- XML tagset used:     AdcsML                                                      -->
<!-- Generated at:        02-05-2021 16:00:53                                         -->
<!-- Generated using:     EC-Design 2.5.0 (http://www.ec-design.nl)                   -->
<!-- Generated by:        Jan Vrijenhoek (Digitect)                                   -->
<!-- Organisation:        Digitect B.V. (Digitect)                                    -->
<!-- NOTE:    This sample message was generated automatically: manual modifications will be lost -->
<AdcApOpenAccountsPayable xsi:schemaLocation="http://schemas.iso.org/AdcsML/Messages/AdcApOpenAccountsPayable-v1 AdcApOpenAccountsPayable-v1.0.xsd"
		xmlns="http://schemas.iso.org/AdcsML/Messages/AdcApOpenAccountsPayable-v1"
		xmlns:xsi="http://www.w3.org/2001/XMLSchema-instance">
	<ApOpnAcntPbl>
		<TrId>TR1234</TrId>
		<InvoiId>I001</InvoiId>
		<SuplAcntId>S00001</SuplAcntId>
		<PurContrId>C001</PurContrId>
		<ProjId>P001</ProjId>
		<FiscYr>2020</FiscYr>
		<AcntingPer>M1</AcntingPer>
		<TrDt>2020-02-01</TrDt>
		<JrnId>JRN1</JrnId>
		<TrDueDt>2020-02-29</TrDueDt>
		<RefNr>123456789</RefNr>
		<RefDt>2020-02-15</RefDt>
		<Rmrk>Open amount</Rmrk>
		<GrpCd>GR1</GrpCd>
		<TrAmt>
			<FuncAmt>125.1255</FuncAmt>
			<FuncCurCd>USD</FuncCurCd>
			<TrAmt>125.1255</TrAmt>
			<TrCurCd>USD</TrCurCd>
			<RprtAmt>125.1255</RprtAmt>
			<RprtCurCd>USD</RprtCurCd>
			<LocAmt>125.1255</LocAmt>
			<LocCurCd>USD</LocCurCd>
		</TrAmt>
		<BalAmt>
			<FuncAmt>125.1255</FuncAmt>
			<TrAmt>125.1255</TrAmt>
			<RprtAmt>125.1255</RprtAmt>
			<LocAmt>125.1255</LocAmt>
		</BalAmt>
		<BusSg>
			<BusSgCd>1234</BusSgCd>
		</BusSg>
	</ApOpnAcntPbl>
</AdcApOpenAccountsPayable>
