<?xml version="1.0" encoding="UTF-8"?>
<!-- XML Sample Message of message hierarchy                                          -->
<!-- Message:             ADC AR Adjustments v1.0 Rev. 5                              -->
<!-- Transaction:         AA - Audit Data Collection Rev. 271                         -->
<!-- Datamodel:           Audit Data Collection Datamodel, version HEAD Rev. 347      -->
<!-- XML tagset used:     AdcsML                                                      -->
<!-- Generated at:        02-05-2021 15:56:04                                         -->
<!-- Generated using:     EC-Design 2.5.0 (http://www.ec-design.nl)                   -->
<!-- Generated by:        Jan Vrijenhoek (Digitect)                                   -->
<!-- Organisation:        Digitect B.V. (Digitect)                                    -->
<!-- NOTE:    This sample message was generated automatically: manual modifications will be lost -->
<AdcArAdjustments xsi:schemaLocation="http://schemas.iso.org/AdcsML/Messages/AdcArAdjustments-v1 AdcArAdjustments-v1.0.xsd"
		xmlns="http://schemas.iso.org/AdcsML/Messages/AdcArAdjustments-v1"
		xmlns:xsi="http://www.w3.org/2001/XMLSchema-instance">
	<ArAdj>
		<AdjId>AD1234</AdjId>
		<AdjNr>123456789</AdjNr>
		<AdjTypNm>Finance charge</AdjTypNm>
		<AdjDocNr>Document 1234</AdjDocNr>
		<InvoiId>I001</InvoiId>
		<JrnId>JRN1</JrnId>
		<FiscYr>2020</FiscYr>
		<AcntingPer>M1</AcntingPer>
		<AdjDt>2020-02-01</AdjDt>
		<CustAcntId>C00001</CustAcntId>
		<GlDbAcntNr>ACC123456789</GlDbAcntNr>
		<GlCrAcntNr>ACC123456789</GlCrAcntNr>
		<TrAmt>
			<FuncAmt>125.1255</FuncAmt>
			<FuncCurCd>USD</FuncCurCd>
			<TrAmt>125.1255</TrAmt>
			<TrCurCd>USD</TrCurCd>
			<RprtAmt>125.1255</RprtAmt>
			<RprtCurCd>USD</RprtCurCd>
			<LocAmt>125.1255</LocAmt>
			<LocCurCd>USD</LocCurCd>
		</TrAmt>
		<Tax>
			<TaxTypCd>TAX01</TaxTypCd>
			<TaxLocAmt>2000.0000</TaxLocAmt>
			<GlTaxDbAcntNr>ACC123456789</GlTaxDbAcntNr>
			<GlTaxCrAcntNr>ACC123456789</GlTaxCrAcntNr>
		</Tax>
		<Crea>
			<UserId>JD</UserId>
			<Dt>2020-03-02</Dt>
			<Tm>09:31</Tm>
		</Crea>
		<Aprv>
			<UserId>JD</UserId>
			<Dt>2020-03-02</Dt>
			<Tm>09:31</Tm>
		</Aprv>
		<LstMdf>
			<UserId>JD</UserId>
			<Dt>2020-03-02</Dt>
			<Tm>09:31</Tm>
		</LstMdf>
		<BusSg>
			<BusSgCd>1234</BusSgCd>
		</BusSg>
	</ArAdj>
</AdcArAdjustments>
