<?xml version="1.0" encoding="UTF-8"?>
<!-- XML Sample Message of message hierarchy                                          -->
<!-- Message:             ADC AP Adjustments Details v1.0 Rev. 5                      -->
<!-- Transaction:         AA - Audit Data Collection Rev. 271                         -->
<!-- Datamodel:           Audit Data Collection Datamodel, version HEAD Rev. 347      -->
<!-- XML tagset used:     AdcsML                                                      -->
<!-- Generated at:        02-05-2021 16:00:56                                         -->
<!-- Generated using:     EC-Design 2.5.0 (http://www.ec-design.nl)                   -->
<!-- Generated by:        Jan Vrijenhoek (Digitect)                                   -->
<!-- Organisation:        Digitect B.V. (Digitect)                                    -->
<!-- NOTE:    This sample message was generated automatically: manual modifications will be lost -->
<AdcApAdjustmentsDetails xsi:schemaLocation="http://schemas.iso.org/AdcsML/Messages/AdcApAdjustmentsDetails-v1 AdcApAdjustmentsDetails-v1.0.xsd"
		xmlns="http://schemas.iso.org/AdcsML/Messages/AdcApAdjustmentsDetails-v1"
		xmlns:xsi="http://www.w3.org/2001/XMLSchema-instance">
	<ApAdjDtls>
		<AdjId>AD1234</AdjId>
		<AdjLnId>1</AdjLnId>
		<AdjLnNr>1</AdjLnNr>
		<InvoiId>I001</InvoiId>
		<InvoiLnId>1</InvoiLnId>
		<JrnId>JRN1</JrnId>
		<GlDbAcntNr>ACC123456789</GlDbAcntNr>
		<GlCrAcntNr>ACC123456789</GlCrAcntNr>
		<TrAmt>
			<FuncAmt>125.1255</FuncAmt>
			<FuncCurCd>USD</FuncCurCd>
			<TrAmt>125.1255</TrAmt>
			<TrCurCd>USD</TrCurCd>
			<RprtAmt>125.1255</RprtAmt>
			<RprtCurCd>USD</RprtCurCd>
			<LocAmt>125.1255</LocAmt>
			<LocCurCd>USD</LocCurCd>
		</TrAmt>
		<Tax>
			<TaxTypCd>TAX01</TaxTypCd>
			<TaxLocAmt>2000.0000</TaxLocAmt>
			<GlTaxDbAcntNr>ACC123456789</GlTaxDbAcntNr>
			<GlTaxCrAcntNr>ACC123456789</GlTaxCrAcntNr>
		</Tax>
		<BusSg>
			<BusSgCd>1234</BusSgCd>
		</BusSg>
	</ApAdjDtls>
</AdcApAdjustmentsDetails>
