<?xml version="1.0" encoding="UTF-8"?>
<!-- XML Sample Message of message hierarchy                                          -->
<!-- Message:             ADC BAS Project v1.0 Rev. 5                                 -->
<!-- Transaction:         AA - Audit Data Collection Rev. 271                         -->
<!-- Datamodel:           Audit Data Collection Datamodel, version HEAD Rev. 347      -->
<!-- XML tagset used:     AdcsML                                                      -->
<!-- Generated at:        02-05-2021 15:29:41                                         -->
<!-- Generated using:     EC-Design 2.5.0 (http://www.ec-design.nl)                   -->
<!-- Generated by:        Jan Vrijenhoek (Digitect)                                   -->
<!-- Organisation:        Digitect B.V. (Digitect)                                    -->
<!-- NOTE:    This sample message was generated automatically: manual modifications will be lost -->
<AdcBasProject xsi:schemaLocation="http://schemas.iso.org/AdcsML/Messages/AdcBasProject-v1 AdcBasProject-v1.0.xsd"
		xmlns="http://schemas.iso.org/AdcsML/Messages/AdcBasProject-v1"
		xmlns:xsi="http://www.w3.org/2001/XMLSchema-instance">
	<BasProj>
		<ProjId>P001</ProjId>
		<ProjCd>PROJ1234</ProjCd>
		<ProjNm>Renovation</ProjNm>
		<ProjBegDt>2020-02-01</ProjBegDt>
		<ProjEndDt>2020-02-29</ProjEndDt>
		<ActiveFlag>true</ActiveFlag>
		<BusSg>
			<BusSgCd>1234</BusSgCd>
		</BusSg>
	</BasProj>
</AdcBasProject>
