<?xml version="1.0" encoding="UTF-8"?>
<!-- XML Sample Message of message hierarchy                                          -->
<!-- Message:             ADC BAS Measurement Unit v1.0 Rev. 4                        -->
<!-- Transaction:         AA - Audit Data Collection Rev. 271                         -->
<!-- Datamodel:           Audit Data Collection Datamodel, version HEAD Rev. 347      -->
<!-- XML tagset used:     AdcsML                                                      -->
<!-- Generated at:        02-05-2021 15:29:40                                         -->
<!-- Generated using:     EC-Design 2.5.0 (http://www.ec-design.nl)                   -->
<!-- Generated by:        Jan Vrijenhoek (Digitect)                                   -->
<!-- Organisation:        Digitect B.V. (Digitect)                                    -->
<!-- NOTE:    This sample message was generated automatically: manual modifications will be lost -->
<AdcBasMeasurementUnit xsi:schemaLocation="http://schemas.iso.org/AdcsML/Messages/AdcBasMeasurementUnit-v1 AdcBasMeasurementUnit-v1.0.xsd"
		xmlns="http://schemas.iso.org/AdcsML/Messages/AdcBasMeasurementUnit-v1"
		xmlns:xsi="http://www.w3.org/2001/XMLSchema-instance">
	<BasMeaUnit>
		<UomCd>KG</UomCd>
		<UomNm>Kilogram</UomNm>
		<UomAbrv>kg</UomAbrv>
		<ActiveFlag>true</ActiveFlag>
	</BasMeaUnit>
</AdcBasMeasurementUnit>
