<?xml version="1.0" encoding="UTF-8"?>
<!-- XML Sample Message of message hierarchy                                          -->
<!-- Message:             ADC BAS Customized ACC Value v1.0 Rev. 4                    -->
<!-- Transaction:         AA - Audit Data Collection Rev. 271                         -->
<!-- Datamodel:           Audit Data Collection Datamodel, version HEAD Rev. 347      -->
<!-- XML tagset used:     AdcsML                                                      -->
<!-- Generated at:        02-05-2021 15:29:46                                         -->
<!-- Generated using:     EC-Design 2.5.0 (http://www.ec-design.nl)                   -->
<!-- Generated by:        Jan Vrijenhoek (Digitect)                                   -->
<!-- Organisation:        Digitect B.V. (Digitect)                                    -->
<!-- NOTE:    This sample message was generated automatically: manual modifications will be lost -->
<AdcBasCustomizedAccValue xsi:schemaLocation="http://schemas.iso.org/AdcsML/Messages/AdcBasCustomizedAccValue-v1 AdcBasCustomizedAccValue-v1.0.xsd"
		xmlns="http://schemas.iso.org/AdcsML/Messages/AdcBasCustomizedAccValue-v1"
		xmlns:xsi="http://www.w3.org/2001/XMLSchema-instance">
	<BasCstmzdAccValue>
		<CstmzdAccValueCd>AV1</CstmzdAccValueCd>
		<CstmzdAccSgCd>AS1</CstmzdAccSgCd>
		<CstmzdAccValueNm>Financial budget</CstmzdAccValueNm>
		<AccValueDscr>Planned sales and purchases.</AccValueDscr>
		<ParAccValueCd>AV1</ParAccValueCd>
		<CstmzdAccValueHrchy>1</CstmzdAccValueHrchy>
	</BasCstmzdAccValue>
</AdcBasCustomizedAccValue>
