<?xml version="1.0" encoding="UTF-8"?>
<!-- XML Sample Message of message hierarchy                                          -->
<!-- Message:             ADC BAS Profile v1.0 Rev. 5                                 -->
<!-- Transaction:         AA - Audit Data Collection Rev. 271                         -->
<!-- Datamodel:           Audit Data Collection Datamodel, version HEAD Rev. 347      -->
<!-- XML tagset used:     AdcsML                                                      -->
<!-- Generated at:        02-05-2021 15:29:46                                         -->
<!-- Generated using:     EC-Design 2.5.0 (http://www.ec-design.nl)                   -->
<!-- Generated by:        Jan Vrijenhoek (Digitect)                                   -->
<!-- Organisation:        Digitect B.V. (Digitect)                                    -->
<!-- NOTE:    This sample message was generated automatically: manual modifications will be lost -->
<AdcBasProfile xsi:schemaLocation="http://schemas.iso.org/AdcsML/Messages/AdcBasProfile-v1 AdcBasProfile-v1.0.xsd"
		xmlns="http://schemas.iso.org/AdcsML/Messages/AdcBasProfile-v1"
		xmlns:xsi="http://www.w3.org/2001/XMLSchema-instance">
	<BasProfile>
		<ProfileNr>PRF1</ProfileNr>
		<ProfileNm>Period report.</ProfileNm>
		<FiscYr>2020</FiscYr>
		<AcntingEntity>Trade Company</AcntingEntity>
		<Industry>Trade</Industry>
		<DvlprNm>ERP SYSTEMS</DvlprNm>
		<SftwNm>ERP</SftwNm>
		<SftwVers>2.01</SftwVers>
		<FuncCurCd>USD</FuncCurCd>
		<StdVers>ISO 21378</StdVers>
		<ExtractedDt>2020-03-01</ExtractedDt>
		<TmZone>+06:00</TmZone>
		<BusSg>
			<BusSgCd>1234</BusSgCd>
		</BusSg>
	</BasProfile>
</AdcBasProfile>
