<?xml version="1.0" encoding="UTF-8"?>
<!-- XML Sample Message of message hierarchy                                          -->
<!-- Message:             ADC BAS Accounting Period v1.0 Rev. 5                       -->
<!-- Transaction:         AA - Audit Data Collection Rev. 271                         -->
<!-- Datamodel:           Audit Data Collection Datamodel, version HEAD Rev. 347      -->
<!-- XML tagset used:     AdcsML                                                      -->
<!-- Generated at:        02-05-2021 14:45:23                                         -->
<!-- Generated using:     EC-Design 2.5.0 (http://www.ec-design.nl)                   -->
<!-- Generated by:        Jan Vrijenhoek (Digitect)                                   -->
<!-- Organisation:        Digitect B.V. (Digitect)                                    -->
<!-- NOTE:    This sample message was generated automatically: manual modifications will be lost -->
<AdcBasAccountingPeriod xsi:schemaLocation="http://schemas.iso.org/AdcsML/Messages/AdcBasAccountingPeriod-v1 AdcBasAccountingPeriod-v1.0.xsd"
		xmlns="http://schemas.iso.org/AdcsML/Messages/AdcBasAccountingPeriod-v1"
		xmlns:xsi="http://www.w3.org/2001/XMLSchema-instance">
	<BasAcntingPer>
		<FiscYr>2020</FiscYr>
		<AcntingPer>M1</AcntingPer>
		<AcntingPerBegDt>2020-02-01</AcntingPerBegDt>
		<AcntingPerEndDt>2020-02-29</AcntingPerEndDt>
	</BasAcntingPer>
</AdcBasAccountingPeriod>
