<?xml version="1.0" encoding="UTF-8"?>
<!-- XML Sample Message of message hierarchy                                          -->
<!-- Message:             ADC BAS Tax Type v1.0 Rev. 5                                -->
<!-- Transaction:         AA - Audit Data Collection Rev. 271                         -->
<!-- Datamodel:           Audit Data Collection Datamodel, version HEAD Rev. 347      -->
<!-- XML tagset used:     AdcsML                                                      -->
<!-- Generated at:        02-05-2021 15:29:44                                         -->
<!-- Generated using:     EC-Design 2.5.0 (http://www.ec-design.nl)                   -->
<!-- Generated by:        Jan Vrijenhoek (Digitect)                                   -->
<!-- Organisation:        Digitect B.V. (Digitect)                                    -->
<!-- NOTE:    This sample message was generated automatically: manual modifications will be lost -->
<AdcTaxType xsi:schemaLocation="http://schemas.iso.org/AdcsML/Messages/AdcBasTaxType-v1 AdcBasTaxType-v1.0.xsd"
		xmlns="http://schemas.iso.org/AdcsML/Messages/AdcBasTaxType-v1"
		xmlns:xsi="http://www.w3.org/2001/XMLSchema-instance">
	<BasTaxTyp>
		<TaxTypCd>TAX01</TaxTypCd>
		<TaxNm>VAT</TaxNm>
		<RgltrCd>USTAX1234</RgltrCd>
		<TaxTypDscr>Value added tax.</TaxTypDscr>
		<TaxCdDscr>Normal percentage.</TaxCdDscr>
		<TaxPerc>0.210000</TaxPerc>
		<BusSg>
			<BusSgCd>1234</BusSgCd>
		</BusSg>
	</BasTaxTyp>
</AdcTaxType>
