<?xml version="1.0" encoding="UTF-8"?>
<!-- XML Sample Message of message hierarchy                                          -->
<!-- Message:             ADC BAS Supplier v1.0 Rev. 5                                -->
<!-- Transaction:         AA - Audit Data Collection Rev. 278                         -->
<!-- Datamodel:           Audit Data Collection Datamodel, version HEAD Rev. 379      -->
<!-- XML tagset used:     AdcsML                                                      -->
<!-- Generated at:        08-06-2021 15:35:40                                         -->
<!-- Generated using:     EC-Design 2.5.0 (http://www.ec-design.nl)                   -->
<!-- Generated by:        Jan Vrijenhoek (Digitect)                                   -->
<!-- Organisation:        Digitect B.V. (Digitect)                                    -->
<!-- NOTE:    This sample message was generated automatically: manual modifications will be lost -->
<AdcBasSupplier xsi:schemaLocation="http://schemas.iso.org/AdcsML/Messages/AdcBasSupplier-v1 AdcBasSupplier-v1.0.xsd"
		xmlns="http://schemas.iso.org/AdcsML/Messages/AdcBasSupplier-v1"
		xmlns:xsi="http://www.w3.org/2001/XMLSchema-instance">
	<BasSupl>
		<SuplAcntId>S00001</SuplAcntId>
		<SuplAcntNr>123456</SuplAcntNr>
		<SuplAcntNm>Jackson</SuplAcntNm>
		<SuplAbrv>JS</SuplAbrv>
		<ParSuplId>S00001</ParSuplId>
		<CorrCustId>C00001</CorrCustId>
		<SuplTypId>ST1</SuplTypId>
		<SuplTin>123456789</SuplTin>
		<SuplGroup>GR1</SuplGroup>
		<InactiveDt>2020-02-01</InactiveDt>
		<TrCrLimit>100000.0000</TrCrLimit>
		<TotCrLimit>1000000.0000</TotCrLimit>
		<TrmsDscntPerc>0.0100</TrmsDscntPerc>
		<TrmsDscntDays>15</TrmsDscntDays>
		<TrmsDueDays>30</TrmsDueDays>
		<PhysAdr>
			<StreetAdr1>42th Street</StreetAdr1>
			<StreetAdr2>Plant 2</StreetAdr2>
			<CityNm>New York</CityNm>
			<StatePrvncCd>NY</StatePrvncCd>
			<PostalCd>NY 1234</PostalCd>
			<CntryCd>US</CntryCd>
		</PhysAdr>
		<BillAdr>
			<StreetAdr1>42th Street</StreetAdr1>
			<StreetAdr2>Plant 2</StreetAdr2>
			<CityNm>New York</CityNm>
			<StatePrvncCd>NY</StatePrvncCd>
			<PostalCd>NY 1234</PostalCd>
			<CntryCd>US</CntryCd>
		</BillAdr>
		<PrimCnt>
			<Nm>John Doe</Nm>
			<Phone>001.1234.567891</Phone>
			<Email>john.doe66@outlook.com</Email>
		</PrimCnt>
		<Crea>
			<UserId>JD</UserId>
			<Dt>2020-03-02</Dt>
			<Tm>09:31</Tm>
		</Crea>
		<Aprv>
			<UserId>JD</UserId>
			<Dt>2020-03-02</Dt>
			<Tm>09:31</Tm>
		</Aprv>
		<LstMdf>
			<UserId>JD</UserId>
			<Dt>2020-03-02</Dt>
			<Tm>09:31</Tm>
		</LstMdf>
	</BasSupl>
</AdcBasSupplier>
