<?xml version="1.0" encoding="UTF-8"?>
<!-- XML Sample Message of message hierarchy                                          -->
<!-- Message:             ADC BAS Chart Of  Accounts v1.0 Rev. 5                      -->
<!-- Transaction:         AA - Audit Data Collection Rev. 271                         -->
<!-- Datamodel:           Audit Data Collection Datamodel, version HEAD Rev. 347      -->
<!-- XML tagset used:     AdcsML                                                      -->
<!-- Generated at:        02-05-2021 14:45:23                                         -->
<!-- Generated using:     EC-Design 2.5.0 (http://www.ec-design.nl)                   -->
<!-- Generated by:        Jan Vrijenhoek (Digitect)                                   -->
<!-- Organisation:        Digitect B.V. (Digitect)                                    -->
<!-- NOTE:    This sample message was generated automatically: manual modifications will be lost -->
<AdcBasChartOfAccounts xsi:schemaLocation="http://schemas.iso.org/AdcsML/Messages/AdcBasChartOfAccounts-v1 AdcBasChartOfAccounts-v1.0.xsd"
		xmlns="http://schemas.iso.org/AdcsML/Messages/AdcBasChartOfAccounts-v1"
		xmlns:xsi="http://www.w3.org/2001/XMLSchema-instance">
	<BasChartOfAcnts>
		<GlAcntNr>ACC123456789</GlAcntNr>
		<GlAcntNm>Sales and Purchases</GlAcntNm>
		<GlAcntDscr>Account for sales and purchases.</GlAcntDscr>
		<FsCaption>Cost of sales</FsCaption>
		<AcntTyp>Sales and Purchase</AcntTyp>
		<AcntSubtyp>Subtype</AcntSubtyp>
		<AcntHrchy>1</AcntHrchy>
		<ParGlAcntNr>ACC123456789</ParGlAcntNr>
		<BalDbOrCrCd>C</BalDbOrCrCd>
		<ActiveFlag>true</ActiveFlag>
		<BusSg>
			<BusSgCd>1234</BusSgCd>
		</BusSg>
	</BasChartOfAcnts>
</AdcBasChartOfAccounts>
