<?xml version="1.0" encoding="UTF-8"?>
<!-- XML Sample Message of message hierarchy                                          -->
<!-- Message:             ADC GL Details v1.0 Rev. 8                                  -->
<!-- Transaction:         AA - Audit Data Collection Rev. 271                         -->
<!-- Datamodel:           Audit Data Collection Datamodel, version HEAD Rev. 347      -->
<!-- XML tagset used:     AdcsML                                                      -->
<!-- Generated at:        02-05-2021 15:53:54                                         -->
<!-- Generated using:     EC-Design 2.5.0 (http://www.ec-design.nl)                   -->
<!-- Generated by:        Jan Vrijenhoek (Digitect)                                   -->
<!-- Organisation:        Digitect B.V. (Digitect)                                    -->
<!-- NOTE:    This sample message was generated automatically: manual modifications will be lost -->
<AdcGlDetails xsi:schemaLocation="http://schemas.iso.org/AdcsML/Messages/AdcGlDetails-v1 AdcGlDetails-v1.0.xsd"
		xmlns="http://schemas.iso.org/AdcsML/Messages/AdcGlDetails-v1"
		xmlns:xsi="http://www.w3.org/2001/XMLSchema-instance">
	<GlDtls>
		<JrnId>JRN1</JrnId>
		<JrnNr>2020-02-01-1</JrnNr>
		<GlAcntNr>ACC123456789</GlAcntNr>
		<FiscYr>2020</FiscYr>
		<AcntingPer>M1</AcntingPer>
		<EffectiveDt>2020-02-01</EffectiveDt>
		<JrnLnNr>1</JrnLnNr>
		<JeTypCd>JE001</JeTypCd>
		<JeHdrDscr>Invoice payment.</JeHdrDscr>
		<JeLnDscr>Line total payment.</JeLnDscr>
		<SrcCd>SOURCE1</SrcCd>
		<BillNr>1234</BillNr>
		<BillTypCd>BL1</BillTypCd>
		<BillDt>2020-02-01</BillDt>
		<Qt>100.0000</Qt>
		<UomCd>KG</UomCd>
		<UnitPrice>80.00000000</UnitPrice>
		<SetlMthdCd>PT1</SetlMthdCd>
		<CrDbInd>C</CrDbInd>
		<RevInd>1</RevInd>
		<RevJrnId>1</RevJrnId>
		<CnclSign>false</CnclSign>
		<AcntSgEmp>E001</AcntSgEmp>
		<AcntSgProj>P001</AcntSgProj>
		<AcntSgBankAcnt>NL99BANK1234123412</AcntSgBankAcnt>
		<TrAmt>
			<FuncAmt>125.1255</FuncAmt>
			<FuncCurCd>USD</FuncCurCd>
			<TrAmt>125.1255</TrAmt>
			<TrCurCd>USD</TrCurCd>
			<RprtAmt>125.1255</RprtAmt>
			<RprtCurCd>USD</RprtCurCd>
			<LocAmt>125.1255</LocAmt>
			<LocCurCd>USD</LocCurCd>
		</TrAmt>
		<Crea>
			<UserId>JD</UserId>
			<Dt>2020-03-02</Dt>
			<Tm>09:31</Tm>
		</Crea>
		<Aprv>
			<UserId>JD</UserId>
			<Dt>2020-03-02</Dt>
		</Aprv>
		<Posted>
			<UserId>JD</UserId>
		</Posted>
		<AcntSg>
			<AcntSgNr>1</AcntSgNr>
			<AcntSgCd>6900</AcntSgCd>
		</AcntSg>
		<BusSg>
			<BusSgCd>1234</BusSgCd>
		</BusSg>
	</GlDtls>
</AdcGlDetails>
