<?xml version="1.0" encoding="UTF-8"?>
<!-- XML Sample Message of message hierarchy                                          -->
<!-- Message:             ADC GL Trial Balance v1.0 Rev. 5                            -->
<!-- Transaction:         AA - Audit Data Collection Rev. 271                         -->
<!-- Datamodel:           Audit Data Collection Datamodel, version HEAD Rev. 347      -->
<!-- XML tagset used:     AdcsML                                                      -->
<!-- Generated at:        02-05-2021 15:53:53                                         -->
<!-- Generated using:     EC-Design 2.5.0 (http://www.ec-design.nl)                   -->
<!-- Generated by:        Jan Vrijenhoek (Digitect)                                   -->
<!-- Organisation:        Digitect B.V. (Digitect)                                    -->
<!-- NOTE:    This sample message was generated automatically: manual modifications will be lost -->
<BasGlTrialBalance xsi:schemaLocation="http://schemas.iso.org/AdcsML/Messages/AdcGlTrialBalance-v1 AdcGlTrialBalance-v1.0.xsd"
		xmlns="http://schemas.iso.org/AdcsML/Messages/AdcGlTrialBalance-v1"
		xmlns:xsi="http://www.w3.org/2001/XMLSchema-instance">
	<GlTrialBal>
		<GlAcntNr>ACC123456789</GlAcntNr>
		<FiscYr>2020</FiscYr>
		<AcntingPer>M1</AcntingPer>
		<BalAsOfDt>2020-02-29</BalAsOfDt>
		<Cur>
			<FuncCurCd>USD</FuncCurCd>
			<TrCurCd>USD</TrCurCd>
			<RprtCurCd>USD</RprtCurCd>
			<LocCurCd>USD</LocCurCd>
		</Cur>
		<BalBegAmt>
			<FuncAmt>125.1255</FuncAmt>
			<TrAmt>125.1255</TrAmt>
			<RprtAmt>125.1255</RprtAmt>
			<LocAmt>125.1255</LocAmt>
		</BalBegAmt>
		<BalEndAmt>
			<FuncAmt>125.1255</FuncAmt>
			<TrAmt>125.1255</TrAmt>
			<RprtAmt>125.1255</RprtAmt>
			<LocAmt>125.1255</LocAmt>
		</BalEndAmt>
		<BusSg>
			<BusSgCd>1234</BusSgCd>
		</BusSg>
	</GlTrialBal>
</BasGlTrialBalance>
