<?xml version="1.0" encoding="UTF-8"?>
<!-- XML Sample Message of message hierarchy                                          -->
<!-- Message:             ADC PPE Change v1.0 Rev. 4                                  -->
<!-- Transaction:         AA - Audit Data Collection Rev. 271                         -->
<!-- Datamodel:           Audit Data Collection Datamodel, version HEAD Rev. 347      -->
<!-- XML tagset used:     AdcsML                                                      -->
<!-- Generated at:        02-05-2021 16:10:02                                         -->
<!-- Generated using:     EC-Design 2.5.0 (http://www.ec-design.nl)                   -->
<!-- Generated by:        Jan Vrijenhoek (Digitect)                                   -->
<!-- Organisation:        Digitect B.V. (Digitect)                                    -->
<!-- NOTE:    This sample message was generated automatically: manual modifications will be lost -->
<AdcPpeChange xsi:schemaLocation="http://schemas.iso.org/AdcsML/Messages/AdcPpeChange-v1 AdcPpeChange-v1.0.xsd"
		xmlns="http://schemas.iso.org/AdcsML/Messages/AdcPpeChange-v1"
		xmlns:xsi="http://www.w3.org/2001/XMLSchema-instance">
	<PpeChng>
		<ChngId>CH001</ChngId>
		<PpeId>PPE001</PpeId>
		<FiscYr>2020</FiscYr>
		<AcntingPer>M1</AcntingPer>
		<TagNr>PPE001</TagNr>
		<ChngTypNm>Removal</ChngTypNm>
		<ChngDt>2020-02-15</ChngDt>
		<ChngReason>Replacement</ChngReason>
		<ContBefChng>1</ContBefChng>
		<ContAftChng>0</ContAftChng>
		<Crea>
			<UserId>JD</UserId>
			<Dt>2020-03-02</Dt>
			<Tm>09:31</Tm>
		</Crea>
		<Aprv>
			<UserId>JD</UserId>
			<Dt>2020-03-02</Dt>
			<Tm>09:31</Tm>
		</Aprv>
		<LstMdf>
			<UserId>JD</UserId>
			<Dt>2020-03-02</Dt>
			<Tm>09:31</Tm>
		</LstMdf>
		<BusSg>
			<BusSgCd>1234</BusSgCd>
		</BusSg>
	</PpeChng>
</AdcPpeChange>
