<?xml version="1.0" encoding="UTF-8"?>
<!-- XML Sample Message of message hierarchy                                          -->
<!-- Message:             ADC PPE Depreciation v1.0 Rev. 5                            -->
<!-- Transaction:         AA - Audit Data Collection Rev. 271                         -->
<!-- Datamodel:           Audit Data Collection Datamodel, version HEAD Rev. 347      -->
<!-- XML tagset used:     AdcsML                                                      -->
<!-- Generated at:        02-05-2021 16:10:04                                         -->
<!-- Generated using:     EC-Design 2.5.0 (http://www.ec-design.nl)                   -->
<!-- Generated by:        Jan Vrijenhoek (Digitect)                                   -->
<!-- Organisation:        Digitect B.V. (Digitect)                                    -->
<!-- NOTE:    This sample message was generated automatically: manual modifications will be lost -->
<AdcPpeDepreciation xsi:schemaLocation="http://schemas.iso.org/AdcsML/Messages/AdcPpeDepreciation-v1 AdcPpeDepreciation-v1.0.xsd"
		xmlns="http://schemas.iso.org/AdcsML/Messages/AdcPpeDepreciation-v1"
		xmlns:xsi="http://www.w3.org/2001/XMLSchema-instance">
	<PpeDepre>
		<PpeId>PPE001</PpeId>
		<FiscYr>2020</FiscYr>
		<AcntingPer>M1</AcntingPer>
		<DepreMthdId>DEP001</DepreMthdId>
		<UsefulLife>60</UsefulLife>
		<UsefulLifeRmng>10</UsefulLifeRmng>
		<OriginalCost>1700.0000</OriginalCost>
		<ResiValue>100.0000</ResiValue>
		<DprcblBasis>1600.0000</DprcblBasis>
		<DepreAmt>1600.0000</DepreAmt>
		<AccumDepre>1600.0000</AccumDepre>
		<CarryingAmt>100.0000</CarryingAmt>
		<DepreAcntNr>ACC123456789</DepreAcntNr>
		<AccumDepreAccNum>ACC123456789</AccumDepreAccNum>
		<Crea>
			<UserId>JD</UserId>
			<Dt>2020-03-02</Dt>
			<Tm>09:31</Tm>
		</Crea>
		<Aprv>
			<UserId>JD</UserId>
			<Dt>2020-03-02</Dt>
			<Tm>09:31</Tm>
		</Aprv>
		<LstMdf>
			<UserId>JD</UserId>
			<Dt>2020-03-02</Dt>
			<Tm>09:31</Tm>
		</LstMdf>
		<BusSg>
			<BusSgCd>1234</BusSgCd>
		</BusSg>
	</PpeDepre>
</AdcPpeDepreciation>
