<?xml version="1.0" encoding="UTF-8"?>
<!-- XML Sample Message of message hierarchy                                          -->
<!-- Message:             ADC PPE Depreciation Method v1.0 Rev. 4                     -->
<!-- Transaction:         AA - Audit Data Collection Rev. 271                         -->
<!-- Datamodel:           Audit Data Collection Datamodel, version HEAD Rev. 347      -->
<!-- XML tagset used:     AdcsML                                                      -->
<!-- Generated at:        02-05-2021 16:10:03                                         -->
<!-- Generated using:     EC-Design 2.5.0 (http://www.ec-design.nl)                   -->
<!-- Generated by:        Jan Vrijenhoek (Digitect)                                   -->
<!-- Organisation:        Digitect B.V. (Digitect)                                    -->
<!-- NOTE:    This sample message was generated automatically: manual modifications will be lost -->
<AdcPpeDepreciationMethod xsi:schemaLocation="http://schemas.iso.org/AdcsML/Messages/AdcPpeDepreciationMethod-v1 AdcPpeDepreciationMethod-v1.0.xsd"
		xmlns="http://schemas.iso.org/AdcsML/Messages/AdcPpeDepreciationMethod-v1"
		xmlns:xsi="http://www.w3.org/2001/XMLSchema-instance">
	<PpeDepreMthd>
		<DepreMthdId>DEP001</DepreMthdId>
		<DepreMthdNm>Straight</DepreMthdNm>
		<DepreMthdDscr>Equal amounts in five years.</DepreMthdDscr>
		<DepreFormula>Purchase value divided by 5.</DepreFormula>
		<BusSg>
			<BusSgCd>1234</BusSgCd>
		</BusSg>
	</PpeDepreMthd>
</AdcPpeDepreciationMethod>
