<?xml version="1.0" encoding="UTF-8"?>
<!-- XML Sample Message of message hierarchy                                          -->
<!-- Message:             ADC PPE Master v1.0 Rev. 5                                  -->
<!-- Transaction:         AA - Audit Data Collection Rev. 271                         -->
<!-- Datamodel:           Audit Data Collection Datamodel, version HEAD Rev. 347      -->
<!-- XML tagset used:     AdcsML                                                      -->
<!-- Generated at:        02-05-2021 16:09:59                                         -->
<!-- Generated using:     EC-Design 2.5.0 (http://www.ec-design.nl)                   -->
<!-- Generated by:        Jan Vrijenhoek (Digitect)                                   -->
<!-- Organisation:        Digitect B.V. (Digitect)                                    -->
<!-- NOTE:    This sample message was generated automatically: manual modifications will be lost -->
<AdcPpeMaster xsi:schemaLocation="http://schemas.iso.org/AdcsML/Messages/AdcPpeMaster-v1 AdcPpeMaster-v1.0.xsd"
		xmlns="http://schemas.iso.org/AdcsML/Messages/AdcPpeMaster-v1"
		xmlns:xsi="http://www.w3.org/2001/XMLSchema-instance">
	<PpeMaster>
		<PpeId>PPE001</PpeId>
		<PpeCd>123456789</PpeCd>
		<TagNr>PPE001</TagNr>
		<TypCd>TYP001</TypCd>
		<PpeNm>HP Probook</PpeNm>
		<PpeFeature>Laptop</PpeFeature>
		<BarCd>ABC-abc-1234</BarCd>
		<PurOrdId>ORD001</PurOrdId>
		<InvPrdctId>PRD001</InvPrdctId>
		<SerialNr>SERIAL1</SerialNr>
		<LotNr>LOT1</LotNr>
		<Manufacturer>HP</Manufacturer>
		<SuplAcntId>S00002</SuplAcntId>
		<LctDscr>Sales and purchase department.</LctDscr>
		<ConditionNm>IN-USE</ConditionNm>
		<AcqDt>2016-01-05</AcqDt>
		<PostedDt>2016-01-15</PostedDt>
		<PlacedIntoSrvcDt>2016-02-01</PlacedIntoSrvcDt>
		<QtOnHand>1.0000</QtOnHand>
		<UomCd>KG</UomCd>
		<UsefulLife>60</UsefulLife>
		<UsefulLifeRmng>10</UsefulLifeRmng>
		<OriginalCost>1600.0000</OriginalCost>
		<ResiValue>100.0000</ResiValue>
		<AccumDepre>1500.0000</AccumDepre>
		<ImprProv>1500.0000</ImprProv>
		<NetBookValue>100.0000</NetBookValue>
		<RplcCost>700.0000</RplcCost>
		<FairValue>100.0000</FairValue>
		<FuncCurCd>USD</FuncCurCd>
		<PpeAcntNr>ACC123456789</PpeAcntNr>
		<ImprProvAccNum>ACC123456789</ImprProvAccNum>
		<AccumDepreAccNum>ACC123456789</AccumDepreAccNum>
		<Crea>
			<UserId>JD</UserId>
			<Dt>2020-03-02</Dt>
			<Tm>09:31</Tm>
		</Crea>
		<Aprv>
			<UserId>JD</UserId>
			<Dt>2020-03-02</Dt>
			<Tm>09:31</Tm>
		</Aprv>
		<LstMdf>
			<UserId>JD</UserId>
			<Dt>2020-03-02</Dt>
			<Tm>09:31</Tm>
		</LstMdf>
		<BusSg>
			<BusSgCd>1234</BusSgCd>
		</BusSg>
	</PpeMaster>
</AdcPpeMaster>
