<?xml version="1.0" encoding="UTF-8"?>
<!-- XML Sample Message of message hierarchy                                          -->
<!-- Message:             ADC PUR Materials Received Details v1.0 Rev. 5              -->
<!-- Transaction:         AA - Audit Data Collection Rev. 271                         -->
<!-- Datamodel:           Audit Data Collection Datamodel, version HEAD Rev. 347      -->
<!-- XML tagset used:     AdcsML                                                      -->
<!-- Generated at:        02-05-2021 16:04:29                                         -->
<!-- Generated using:     EC-Design 2.5.0 (http://www.ec-design.nl)                   -->
<!-- Generated by:        Jan Vrijenhoek (Digitect)                                   -->
<!-- Organisation:        Digitect B.V. (Digitect)                                    -->
<!-- NOTE:    This sample message was generated automatically: manual modifications will be lost -->
<AdcPurMaterialsReceivedDetails xsi:schemaLocation="http://schemas.iso.org/AdcsML/Messages/AdcPurMaterialsReceivedDetails-v1 AdcPurMaterialsReceivedDetails-v1.0.xsd"
		xmlns="http://schemas.iso.org/AdcsML/Messages/AdcPurMaterialsReceivedDetails-v1"
		xmlns:xsi="http://www.w3.org/2001/XMLSchema-instance">
	<PurMatRcvdDtls>
		<RcptId>RC1234</RcptId>
		<RcptLnId>1</RcptLnId>
		<RcptLnNr>1</RcptLnNr>
		<PrdctId>PRD001</PrdctId>
		<RcptQt>100.0000</RcptQt>
		<RcptUomCd>KG</RcptUomCd>
		<RcptUnitPrice>80.00000000</RcptUnitPrice>
		<RcptLnTrxAmt>8000.0000</RcptLnTrxAmt>
		<PurOrdLnId>1</PurOrdLnId>
		<PurOrdLnQt>100.0000</PurOrdLnQt>
		<OrdLnUomCd>KG</OrdLnUomCd>
		<OrdLnUnitPrice>80.00000000</OrdLnUnitPrice>
		<OrdLnTrAmt>8000.0000</OrdLnTrAmt>
		<BusSg>
			<BusSgCd>1234</BusSgCd>
		</BusSg>
	</PurMatRcvdDtls>
</AdcPurMaterialsReceivedDetails>
