<?xml version="1.0" encoding="UTF-8"?>
<!-- XML Sample Message of message hierarchy                                          -->
<!-- Message:             ADC SAL Contracts Details v1.0 Rev. 5                       -->
<!-- Transaction:         AA - Audit Data Collection Rev. 271                         -->
<!-- Datamodel:           Audit Data Collection Datamodel, version HEAD Rev. 347      -->
<!-- XML tagset used:     AdcsML                                                      -->
<!-- Generated at:        02-05-2021 15:58:26                                         -->
<!-- Generated using:     EC-Design 2.5.0 (http://www.ec-design.nl)                   -->
<!-- Generated by:        Jan Vrijenhoek (Digitect)                                   -->
<!-- Organisation:        Digitect B.V. (Digitect)                                    -->
<!-- NOTE:    This sample message was generated automatically: manual modifications will be lost -->
<AdcSalContractsDetails xsi:schemaLocation="http://schemas.iso.org/AdcsML/Messages/AdcSalContractsDetails-v1 AdcSalContractsDetails-v1.0.xsd"
		xmlns="http://schemas.iso.org/AdcsML/Messages/AdcSalContractsDetails-v1"
		xmlns:xsi="http://www.w3.org/2001/XMLSchema-instance">
	<SalContrDtls>
		<ContrId>C001</ContrId>
		<ContrLnId>1</ContrLnId>
		<ContrLnNr>1</ContrLnNr>
		<SetlOrgCd>SO1</SetlOrgCd>
		<DispOrgCd>D001</DispOrgCd>
		<PrdctId>P001</PrdctId>
		<ContrQt>100.0000</ContrQt>
		<UomCd>KG</UomCd>
		<TaxExclUnitPrice>80.00000000</TaxExclUnitPrice>
		<TaxInclUnitPrice>100.00000000</TaxInclUnitPrice>
		<TaxExclAmt>8000.0000</TaxExclAmt>
		<TaxInclAmt>10000.0000</TaxInclAmt>
		<DueDt>2020-02-29</DueDt>
		<Stat>NEW</Stat>
		<Tax>
			<TaxTypCd>TAX01</TaxTypCd>
			<TaxTrAmt>10000.0000</TaxTrAmt>
		</Tax>
		<BusSg>
			<BusSgCd>1234</BusSgCd>
		</BusSg>
	</SalContrDtls>
</AdcSalContractsDetails>
