<?xml version="1.0" encoding="UTF-8"?>
<!-- XML Sample Message of message hierarchy                                          -->
<!-- Message:             ADC SAL Orders Details v1.0 Rev. 7                          -->
<!-- Transaction:         AA - Audit Data Collection Rev. 271                         -->
<!-- Datamodel:           Audit Data Collection Datamodel, version HEAD Rev. 347      -->
<!-- XML tagset used:     AdcsML                                                      -->
<!-- Generated at:        02-05-2021 15:58:28                                         -->
<!-- Generated using:     EC-Design 2.5.0 (http://www.ec-design.nl)                   -->
<!-- Generated by:        Jan Vrijenhoek (Digitect)                                   -->
<!-- Organisation:        Digitect B.V. (Digitect)                                    -->
<!-- NOTE:    This sample message was generated automatically: manual modifications will be lost -->
<AdcSalOrdersDetails xsi:schemaLocation="http://schemas.iso.org/AdcsML/Messages/AdcSalOrdersDetails-v1 AdcSalOrdersDetails-v1.0.xsd"
		xmlns="http://schemas.iso.org/AdcsML/Messages/AdcSalOrdersDetails-v1"
		xmlns:xsi="http://www.w3.org/2001/XMLSchema-instance">
	<SalOrdDtls>
		<OrdId>ORD001</OrdId>
		<OrdLnId>1</OrdLnId>
		<OrdLnNr>1</OrdLnNr>
		<ContrId>C001</ContrId>
		<ContrLnId>1</ContrLnId>
		<PayerId>C00001</PayerId>
		<SetlOrgCd>BS001</SetlOrgCd>
		<DispOrgCd>BS001</DispOrgCd>
		<DueDt>2020-02-29</DueDt>
		<BasicUomQt>100.0000</BasicUomQt>
		<BasicUomCd>KG</BasicUomCd>
		<OrdLnQt>100.0000</OrdLnQt>
		<OrdLnUomCd>KG</OrdLnUomCd>
		<TaxExclUnitPrice>80.00000000</TaxExclUnitPrice>
		<TaxInclUnitPrice>100.00000000</TaxInclUnitPrice>
		<TaxExclAmt>8000.0000</TaxExclAmt>
		<TaxInclAmt>10000.0000</TaxInclAmt>
		<PrdctId>PRD001</PrdctId>
		<OrdLnTrAmt>10000.0000</OrdLnTrAmt>
		<Stat>NEW</Stat>
		<Tax>
			<TaxTypCd>TAX01</TaxTypCd>
			<TaxTrAmt>10000.0000</TaxTrAmt>
		</Tax>
		<BusSg>
			<BusSgCd>1234</BusSgCd>
		</BusSg>
	</SalOrdDtls>
</AdcSalOrdersDetails>
