<?xml version="1.0" encoding="UTF-8"?>
<!-- XML Sample Message of message hierarchy                                          -->
<!-- Message:             ADC BAS Payment Term v1.0 Rev. 4                            -->
<!-- Transaction:         AA - Audit Data Collection Rev. 271                         -->
<!-- Datamodel:           Audit Data Collection Datamodel, version HEAD Rev. 347      -->
<!-- XML tagset used:     AdcsML                                                      -->
<!-- Generated at:        02-05-2021 15:29:41                                         -->
<!-- Generated using:     EC-Design 2.5.0 (http://www.ec-design.nl)                   -->
<!-- Generated by:        Jan Vrijenhoek (Digitect)                                   -->
<!-- Organisation:        Digitect B.V. (Digitect)                                    -->
<!-- NOTE:    This sample message was generated automatically: manual modifications will be lost -->
<AdcBasPaymentTerm xsi:schemaLocation="http://schemas.iso.org/AdcsML/Messages/AdcBasPaymentTerm-v1 AdcBasPaymentTerm.xsd"
		xmlns="http://schemas.iso.org/AdcsML/Messages/AdcBasPaymentTerm-v1"
		xmlns:xsi="http://www.w3.org/2001/XMLSchema-instance">
	<BasPayTerm>
		<PayTermCd>PT1</PayTermCd>
		<PayTermNm>Payment in 30 days.</PayTermNm>
		<PayTermLnNr>1</PayTermLnNr>
		<PayTermLnDscr>Payment date is 30 days after invoice date.</PayTermLnDscr>
		<ActiveFlag>true</ActiveFlag>
	</BasPayTerm>
</AdcBasPaymentTerm>
