<?xml version="1.0" encoding="UTF-8"?>
<!-- XML Sample Message of message hierarchy                                          -->
<!-- Message:             ADC BAS User v1.0 Rev. 5                                    -->
<!-- Transaction:         AA - Audit Data Collection Rev. 271                         -->
<!-- Datamodel:           Audit Data Collection Datamodel, version HEAD Rev. 347      -->
<!-- XML tagset used:     AdcsML                                                      -->
<!-- Generated at:        02-05-2021 14:38:22                                         -->
<!-- Generated using:     EC-Design 2.5.0 (http://www.ec-design.nl)                   -->
<!-- Generated by:        Jan Vrijenhoek (Digitect)                                   -->
<!-- Organisation:        Digitect B.V. (Digitect)                                    -->
<!-- NOTE:    This sample message was generated automatically: manual modifications will be lost -->
<AdcBasUser xsi:schemaLocation="http://schemas.iso.org/AdcsML/Messages/AdcBasUser-v1 AdcBasUser.xsd"
		xmlns="http://schemas.iso.org/AdcsML/Messages/AdcBasUser-v1"
		xmlns:xsi="http://www.w3.org/2001/XMLSchema-instance">
	<BasUser>
		<UserId>JD</UserId>
		<UserActiveStat>true</UserActiveStat>
		<UserStatMdfDt>1990-10-01</UserStatMdfDt>
		<UserNm>John Doe</UserNm>
		<UserJobTitle>Order handler.</UserJobTitle>
		<DepCd>BS001</DepCd>
		<UserRoleResp>Orders and invoices.</UserRoleResp>
	</BasUser>
</AdcBasUser>
