<?xml version="1.0" encoding="UTF-8"?>
<!-- XML Sample Message of message hierarchy                                          -->
<!-- Message:             ADC BAS Supplier Type v1.0 Rev. 6                           -->
<!-- Transaction:         AA - Audit Data Collection Rev. 271                         -->
<!-- Datamodel:           Audit Data Collection Datamodel, version HEAD Rev. 347      -->
<!-- XML tagset used:     AdcsML                                                      -->
<!-- Generated at:        02-05-2021 14:45:21                                         -->
<!-- Generated using:     EC-Design 2.5.0 (http://www.ec-design.nl)                   -->
<!-- Generated by:        Jan Vrijenhoek (Digitect)                                   -->
<!-- Organisation:        Digitect B.V. (Digitect)                                    -->
<!-- NOTE:    This sample message was generated automatically: manual modifications will be lost -->
<AdcBasSupplierType xsi:schemaLocation="http://schemas.iso.org/AdcsML/Messages/AdcBasSupplierType-v1 AdcBasSupplierType.xsd"
		xmlns="http://schemas.iso.org/AdcsML/Messages/AdcBasSupplierType-v1"
		xmlns:xsi="http://www.w3.org/2001/XMLSchema-instance">
	<BasSuplTyp>
		<SuplTypId>ST1</SuplTypId>
		<SuplTypCd>004</SuplTypCd>
		<SuplTypNm>Preferred supplier</SuplTypNm>
		<ParSuplTypId>ST1</ParSuplTypId>
	</BasSuplTyp>
</AdcBasSupplierType>
