<?xml version="1.0" encoding="UTF-8"?>
<!-- XML Sample Message of message hierarchy                                          -->
<!-- Message:             ADC BAS Business Segment v1.0 Rev. 6                        -->
<!-- Transaction:         AA - Audit Data Collection Rev. 271                         -->
<!-- Datamodel:           Audit Data Collection Datamodel, version HEAD Rev. 347      -->
<!-- XML tagset used:     AdcsML                                                      -->
<!-- Generated at:        02-05-2021 14:38:20                                         -->
<!-- Generated using:     EC-Design 2.5.0 (http://www.ec-design.nl)                   -->
<!-- Generated by:        Jan Vrijenhoek (Digitect)                                   -->
<!-- Organisation:        Digitect B.V. (Digitect)                                    -->
<!-- NOTE:    This sample message was generated automatically: manual modifications will be lost -->
<AdcBasBusinessSegment xsi:schemaLocation="http://schemas.iso.org/AdcsML/Messages/AdcBasBusinessSegment-v1 AdcBasBusinessSegment.xsd"
		xmlns="http://schemas.iso.org/AdcsML/Messages/AdcBasBusinessSegment-v1"
		xmlns:xsi="http://www.w3.org/2001/XMLSchema-instance">
	<BasBusSg>
		<BusSgCd>BS001</BusSgCd>
		<BusSgNm>Order administration.</BusSgNm>
		<SgRefLevel>1</SgRefLevel>
		<OrgTypNm>Department</OrgTypNm>
	</BasBusSg>
</AdcBasBusinessSegment>
