<?xml version="1.0" encoding="UTF-8"?>
<!-- XML Sample Message of message hierarchy                                          -->
<!-- Message:             ADC BAS Employee v1.0 Rev. 6                                -->
<!-- Transaction:         AA - Audit Data Collection Rev. 271                         -->
<!-- Datamodel:           Audit Data Collection Datamodel, version HEAD Rev. 347      -->
<!-- XML tagset used:     AdcsML                                                      -->
<!-- Generated at:        02-05-2021 14:38:22                                         -->
<!-- Generated using:     EC-Design 2.5.0 (http://www.ec-design.nl)                   -->
<!-- Generated by:        Jan Vrijenhoek (Digitect)                                   -->
<!-- Organisation:        Digitect B.V. (Digitect)                                    -->
<!-- NOTE:    This sample message was generated automatically: manual modifications will be lost -->
<AdcBasEmployee xsi:schemaLocation="http://schemas.iso.org/AdcsML/Messages/AdcBasEmployee-v1 AdcBasEmployee.xsd"
		xmlns="http://schemas.iso.org/AdcsML/Messages/AdcBasEmployee-v1"
		xmlns:xsi="http://www.w3.org/2001/XMLSchema-instance">
	<BasEmp>
		<EmpId>E001</EmpId>
		<EmpCd>JD</EmpCd>
		<EmpNm>John Doe</EmpNm>
		<InactiveFlag>false</InactiveFlag>
		<EmpTypCd>007</EmpTypCd>
		<EmpTypNm>Part Time</EmpTypNm>
		<DepCd>BS001</DepCd>
		<EmpJobTitle>Order handler.</EmpJobTitle>
		<EmpAcadDegree>MBA</EmpAcadDegree>
		<EmplmntDt>1990-10-01</EmplmntDt>
		<TerminationDt>2050-10-01</TerminationDt>
		<UserId>JD</UserId>
	</BasEmp>
</AdcBasEmployee>
