<?xml version="1.0" encoding="UTF-8"?>
<!-- XML Sample Message of message hierarchy                                          -->
<!-- Message:             ADC BAS Settlement Method v1.0 Rev. 6                       -->
<!-- Transaction:         AA - Audit Data Collection Rev. 271                         -->
<!-- Datamodel:           Audit Data Collection Datamodel, version HEAD Rev. 347      -->
<!-- XML tagset used:     AdcsML                                                      -->
<!-- Generated at:        02-05-2021 15:29:38                                         -->
<!-- Generated using:     EC-Design 2.5.0 (http://www.ec-design.nl)                   -->
<!-- Generated by:        Jan Vrijenhoek (Digitect)                                   -->
<!-- Organisation:        Digitect B.V. (Digitect)                                    -->
<!-- NOTE:    This sample message was generated automatically: manual modifications will be lost -->
<AdcBasSettlementMethod xsi:schemaLocation="http://schemas.iso.org/AdcsML/Messages/AdcBasSettlementMethod-v1 AdcBasSettlementMethod.xsd"
		xmlns="http://schemas.iso.org/AdcsML/Messages/AdcBasSettlementMethod-v1"
		xmlns:xsi="http://www.w3.org/2001/XMLSchema-instance">
	<BasSetlMthd>
		<SetlMthdCd>SC1</SetlMthdCd>
		<SetlMthdNm>Bank</SetlMthdNm>
		<ActiveFlag>true</ActiveFlag>
	</BasSetlMthd>
</AdcBasSettlementMethod>
