<?xml version="1.0" encoding="UTF-8"?>
<!-- XML Sample Message of message hierarchy                                          -->
<!-- Message:             ADC INV On Hand v1.0 Rev. 5                                 -->
<!-- Transaction:         AA - Audit Data Collection Rev. 271                         -->
<!-- Datamodel:           Audit Data Collection Datamodel, version HEAD Rev. 347      -->
<!-- XML tagset used:     AdcsML                                                      -->
<!-- Generated at:        02-05-2021 16:07:31                                         -->
<!-- Generated using:     EC-Design 2.5.0 (http://www.ec-design.nl)                   -->
<!-- Generated by:        Jan Vrijenhoek (Digitect)                                   -->
<!-- Organisation:        Digitect B.V. (Digitect)                                    -->
<!-- NOTE:    This sample message was generated automatically: manual modifications will be lost -->
<AdcInvOnHand xsi:schemaLocation="http://schemas.iso.org/AdcsML/Messages/AdcInvOnHand-v1 AdcInvOnHand.xsd"
		xmlns="http://schemas.iso.org/AdcsML/Messages/AdcInvOnHand-v1"
		xmlns:xsi="http://www.w3.org/2001/XMLSchema-instance">
	<InvOnHand>
		<InvId>INV1</InvId>
		<InvPrdctId>PRD001</InvPrdctId>
		<LotNr>LOT1</LotNr>
		<SerialNr>SERIAL1</SerialNr>
		<InvAbcCd>A</InvAbcCd>
		<LctId>L001</LctId>
		<InvAsOfDt>2020-02-15</InvAsOfDt>
		<InvPurYrtodtQt>100.0000</InvPurYrtodtQt>
		<InvSoldYrtodtQt>100.0000</InvSoldYrtodtQt>
		<InvOrgCd>BS001</InvOrgCd>
		<CostOrgCd>BS001</CostOrgCd>
		<InvCstngUomCd>KG</InvCstngUomCd>
		<InvPrchsngUomCd>KG</InvPrchsngUomCd>
		<InvSellingUomCd>KG</InvSellingUomCd>
		<InvStckUomCd>KG</InvStckUomCd>
		<Qt>100.0000</Qt>
		<SystQt>100.0000</SystQt>
		<PhysCountQt>100.0000</PhysCountQt>
		<LstCountDt>2020-02-15</LstCountDt>
		<InvListPrice>80.0000</InvListPrice>
		<InvCost>70.0000</InvCost>
		<InvCostMthd>LIFO</InvCostMthd>
		<AverageCost>80.0000</AverageCost>
		<StdCost>80.0000</StdCost>
		<SpecificCost>80.0000</SpecificCost>
		<FuncCurCd>USD</FuncCurCd>
		<BinId>BIN1234</BinId>
		<BinLct>1-ZONE2-AREA3-ROW1-BIN3</BinLct>
		<BusSg>
			<BusSgCd>1234</BusSgCd>
		</BusSg>
	</InvOnHand>
</AdcInvOnHand>
