<?xml version="1.0" encoding="UTF-8"?>
<!-- XML Sample Message of message hierarchy                                          -->
<!-- Message:             ADC INV Product v1.0 Rev. 5                                 -->
<!-- Transaction:         AA - Audit Data Collection Rev. 271                         -->
<!-- Datamodel:           Audit Data Collection Datamodel, version HEAD Rev. 347      -->
<!-- XML tagset used:     AdcsML                                                      -->
<!-- Generated at:        02-05-2021 16:07:31                                         -->
<!-- Generated using:     EC-Design 2.5.0 (http://www.ec-design.nl)                   -->
<!-- Generated by:        Jan Vrijenhoek (Digitect)                                   -->
<!-- Organisation:        Digitect B.V. (Digitect)                                    -->
<!-- NOTE:    This sample message was generated automatically: manual modifications will be lost -->
<AdcInvProduct xsi:schemaLocation="http://schemas.iso.org/AdcsML/Messages/AdcInvProduct-v1 AdcInvProduct.xsd"
		xmlns="http://schemas.iso.org/AdcsML/Messages/AdcInvProduct-v1"
		xmlns:xsi="http://www.w3.org/2001/XMLSchema-instance">
	<InvPrdct>
		<InvPrdctId>PRD001</InvPrdctId>
		<InvPrdctCd>123456789</InvPrdctCd>
		<InvPrdctTypId>PRDT1</InvPrdctTypId>
		<PrdctGroup1>Raw materials</PrdctGroup1>
		<PrdctGroup2>Sand and stones</PrdctGroup2>
		<InvBarCd>ABC-abc-1234</InvBarCd>
		<PreferredSuplId>S00001</PreferredSuplId>
		<BasicUomCd>KG</BasicUomCd>
		<DftCstngMthd>LIFO</DftCstngMthd>
		<DftStckUomCd>KG</DftStckUomCd>
		<GlAssetAcntNr>ACC1234567890</GlAssetAcntNr>
		<GlCostAcntNr>ACC1234567890</GlCostAcntNr>
		<OutOfSrvcDt>2025-02-01</OutOfSrvcDt>
		<OutOfSrvcFlag>false</OutOfSrvcFlag>
		<LotNr>LOT1</LotNr>
		<SerialNr>SERIAL1</SerialNr>
		<BusSg>
			<BusSgCd>1234</BusSgCd>
		</BusSg>
	</InvPrdct>
</AdcInvProduct>
