<?xml version="1.0" encoding="UTF-8"?>
<!-- XML Sample Message of message hierarchy                                          -->
<!-- Message:             ADC INV Product Type v1.0 Rev. 4                            -->
<!-- Transaction:         AA - Audit Data Collection Rev. 271                         -->
<!-- Datamodel:           Audit Data Collection Datamodel, version HEAD Rev. 347      -->
<!-- XML tagset used:     AdcsML                                                      -->
<!-- Generated at:        02-05-2021 16:07:30                                         -->
<!-- Generated using:     EC-Design 2.5.0 (http://www.ec-design.nl)                   -->
<!-- Generated by:        Jan Vrijenhoek (Digitect)                                   -->
<!-- Organisation:        Digitect B.V. (Digitect)                                    -->
<!-- NOTE:    This sample message was generated automatically: manual modifications will be lost -->
<AdcInvProductType xsi:schemaLocation="http://schemas.iso.org/AdcsML/Messages/AdcInvProductType-v1 AdcInvProductType.xsd"
		xmlns="http://schemas.iso.org/AdcsML/Messages/AdcInvProductType-v1"
		xmlns:xsi="http://www.w3.org/2001/XMLSchema-instance">
	<InvPrdctTyp>
		<InvPrdctTypId>PRDT1</InvPrdctTypId>
		<InvPrdctTypCd>01</InvPrdctTypCd>
		<InvPrdctTypNm>Raw materials</InvPrdctTypNm>
		<InvPrdctTypDscr>Sand and stones.</InvPrdctTypDscr>
		<ParInvPrdctTypId>PRDT1</ParInvPrdctTypId>
		<BusSg>
			<BusSgCd>1234</BusSgCd>
		</BusSg>
	</InvPrdctTyp>
</AdcInvProductType>
