<?xml version="1.0" encoding="UTF-8"?>
<!-- XML Sample Message of message hierarchy                                          -->
<!-- Message:             ADC INV Physical Inventory v1.0 Rev. 4                      -->
<!-- Transaction:         AA - Audit Data Collection Rev. 271                         -->
<!-- Datamodel:           Audit Data Collection Datamodel, version HEAD Rev. 347      -->
<!-- XML tagset used:     AdcsML                                                      -->
<!-- Generated at:        02-05-2021 16:07:33                                         -->
<!-- Generated using:     EC-Design 2.5.0 (http://www.ec-design.nl)                   -->
<!-- Generated by:        Jan Vrijenhoek (Digitect)                                   -->
<!-- Organisation:        Digitect B.V. (Digitect)                                    -->
<!-- NOTE:    This sample message was generated automatically: manual modifications will be lost -->
<AdcInvPhysicalInventory xsi:schemaLocation="http://schemas.iso.org/AdcsML/Messages/AdcInvPhysicalInventory-v1 AdcInvPhysicalInventory.xsd"
		xmlns="http://schemas.iso.org/AdcsML/Messages/AdcInvPhysicalInventory-v1"
		xmlns:xsi="http://www.w3.org/2001/XMLSchema-instance">
	<InvPhysInv>
		<InvCountShtId>CS001</InvCountShtId>
		<InvCountShtNr>1234</InvCountShtNr>
		<InvCountShtLnId>1</InvCountShtLnId>
		<InvCountShtLnNr>1</InvCountShtLnNr>
		<InvPrdctId>PRD001</InvPrdctId>
		<LctId>L001</LctId>
		<InvOrgCd>BS001</InvOrgCd>
		<LotNr>LOT1</LotNr>
		<SerialNr>SERIAL1</SerialNr>
		<BinId>BIN1234</BinId>
		<CountDt>2020-02-15</CountDt>
		<InvStckUomCd>KG</InvStckUomCd>
		<SystQt>100.0000</SystQt>
		<PhisicalCountQt>100.0000</PhisicalCountQt>
		<Comment>Stored sand.</Comment>
		<Posted>
			<UserId>JD</UserId>
			<Dt>2020-03-02</Dt>
			<Tm>09:31</Tm>
		</Posted>
		<Crea>
			<UserId>JD</UserId>
			<Dt>2020-03-02</Dt>
			<Tm>09:31</Tm>
		</Crea>
		<Aprv>
			<UserId>JD</UserId>
			<Dt>2020-03-02</Dt>
			<Tm>09:31</Tm>
		</Aprv>
		<LstMdf>
			<UserId>JD</UserId>
			<Dt>2020-03-02</Dt>
			<Tm>09:31</Tm>
		</LstMdf>
		<BusSg>
			<BusSgCd>1234</BusSgCd>
		</BusSg>
	</InvPhysInv>
</AdcInvPhysicalInventory>
