<?xml version="1.0" encoding="UTF-8"?>
<!-- XML Sample Message of message hierarchy                                          -->
<!-- Message:             ADC PPE Addition v1.0 Rev. 5                                -->
<!-- Transaction:         AA - Audit Data Collection Rev. 271                         -->
<!-- Datamodel:           Audit Data Collection Datamodel, version HEAD Rev. 347      -->
<!-- XML tagset used:     AdcsML                                                      -->
<!-- Generated at:        02-05-2021 16:10:00                                         -->
<!-- Generated using:     EC-Design 2.5.0 (http://www.ec-design.nl)                   -->
<!-- Generated by:        Jan Vrijenhoek (Digitect)                                   -->
<!-- Organisation:        Digitect B.V. (Digitect)                                    -->
<!-- NOTE:    This sample message was generated automatically: manual modifications will be lost -->
<AdcPpeAddition xsi:schemaLocation="http://schemas.iso.org/AdcsML/Messages/AdcPpeAddition-v1 AdcPpeAddition.xsd"
		xmlns="http://schemas.iso.org/AdcsML/Messages/AdcPpeAddition-v1"
		xmlns:xsi="http://www.w3.org/2001/XMLSchema-instance">
	<PpeAdd>
		<AddId>AD001</AddId>
		<PpeId>PPE001</PpeId>
		<FiscYr>2020</FiscYr>
		<AcntingPer>M1</AcntingPer>
		<TagNr>PPE001</TagNr>
		<AddTypNm>Purchase</AddTypNm>
		<AddDt>2020-02-15</AddDt>
		<AddReason>Replacement</AddReason>
		<AddQt>1.0000</AddQt>
		<OriginalCost>700.0000</OriginalCost>
		<FuncCurCd>USD</FuncCurCd>
		<Crea>
			<UserId>JD</UserId>
			<Dt>2020-03-02</Dt>
			<Tm>09:31</Tm>
		</Crea>
		<Aprv>
			<UserId>JD</UserId>
			<Dt>2020-03-02</Dt>
			<Tm>09:31</Tm>
		</Aprv>
		<LstMdf>
			<UserId>JD</UserId>
			<Dt>2020-03-02</Dt>
			<Tm>09:31</Tm>
		</LstMdf>
		<BusSg>
			<BusSgCd>1234</BusSgCd>
		</BusSg>
	</PpeAdd>
</AdcPpeAddition>
