<?xml version="1.0" encoding="UTF-8"?>
<!-- XML Sample Message of message hierarchy                                          -->
<!-- Message:             ADC PUR Requisitions Details v1.0 Rev. 6                    -->
<!-- Transaction:         AA - Audit Data Collection Rev. 271                         -->
<!-- Datamodel:           Audit Data Collection Datamodel, version HEAD Rev. 347      -->
<!-- XML tagset used:     AdcsML                                                      -->
<!-- Generated at:        02-05-2021 16:04:22                                         -->
<!-- Generated using:     EC-Design 2.5.0 (http://www.ec-design.nl)                   -->
<!-- Generated by:        Jan Vrijenhoek (Digitect)                                   -->
<!-- Organisation:        Digitect B.V. (Digitect)                                    -->
<!-- NOTE:    This sample message was generated automatically: manual modifications will be lost -->
<AdcPurRequisitionsDetails xsi:schemaLocation="http://schemas.iso.org/AdcsML/Messages/AdcPurRequisitionsDetails-v1 AdcPurRequisitionsDetails.xsd"
		xmlns="http://schemas.iso.org/AdcsML/Messages/AdcPurRequisitionsDetails-v1"
		xmlns:xsi="http://www.w3.org/2001/XMLSchema-instance">
	<PurRqstnDtls>
		<RqstnId>R01</RqstnId>
		<RqstnLnId>1</RqstnLnId>
		<RqstnLnNr>1</RqstnLnNr>
		<PrdctId>PRD001</PrdctId>
		<RqstnDueDt>2020-02-29</RqstnDueDt>
		<RqstnQt>100.0000</RqstnQt>
		<AprvQt>100.0000</AprvQt>
		<PurUomCd>KG</PurUomCd>
		<ProjId>P001</ProjId>
		<SuplAcntId>S00001</SuplAcntId>
		<PurOrgCd>BS001</PurOrgCd>
		<RqstnOrgCd>BS001</RqstnOrgCd>
		<Stat>In process</Stat>
		<BusSg>
			<BusSgCd>1234</BusSgCd>
		</BusSg>
	</PurRqstnDtls>
</AdcPurRequisitionsDetails>
