<?xml version="1.0" encoding="UTF-8"?>
<!-- XML Sample Message of message hierarchy                                          -->
<!-- Message:             ADC PPE Department Allocation v1.0 Rev. 4                   -->
<!-- Transaction:         AA - Audit Data Collection Rev. 271                         -->
<!-- Datamodel:           Audit Data Collection Datamodel, version HEAD Rev. 347      -->
<!-- XML tagset used:     AdcsML                                                      -->
<!-- Generated at:        02-05-2021 16:10:03                                         -->
<!-- Generated using:     EC-Design 2.5.0 (http://www.ec-design.nl)                   -->
<!-- Generated by:        Jan Vrijenhoek (Digitect)                                   -->
<!-- Organisation:        Digitect B.V. (Digitect)                                    -->
<!-- NOTE:    This sample message was generated automatically: manual modifications will be lost -->
<AdcPpeDepartmentAllocation xsi:schemaLocation="http://schemas.iso.org/AdcsML/Messages/AdcPpeDepartmentAllocation-v1 AdcPpeDepartmentAllocation.xsd"
		xmlns="http://schemas.iso.org/AdcsML/Messages/AdcPpeDepartmentAllocation-v1"
		xmlns:xsi="http://www.w3.org/2001/XMLSchema-instance">
	<PpeDepAlloc>
		<PpeId>PPE001</PpeId>
		<DepreAllocProp>1.0000</DepreAllocProp>
		<DepCd>BS001</DepCd>
		<BusSg>
			<BusSgCd>1234</BusSgCd>
		</BusSg>
	</PpeDepAlloc>
</AdcPpeDepartmentAllocation>
