<?xml version="1.0" encoding="UTF-8"?>
<!-- XML Sample Message of message hierarchy                                          -->
<!-- Message:             ADC PPE Type v1.0 Rev. 4                                    -->
<!-- Transaction:         AA - Audit Data Collection Rev. 271                         -->
<!-- Datamodel:           Audit Data Collection Datamodel, version HEAD Rev. 347      -->
<!-- XML tagset used:     AdcsML                                                      -->
<!-- Generated at:        02-05-2021 16:09:58                                         -->
<!-- Generated using:     EC-Design 2.5.0 (http://www.ec-design.nl)                   -->
<!-- Generated by:        Jan Vrijenhoek (Digitect)                                   -->
<!-- Organisation:        Digitect B.V. (Digitect)                                    -->
<!-- NOTE:    This sample message was generated automatically: manual modifications will be lost -->
<AdcPpeType xsi:schemaLocation="http://schemas.iso.org/AdcsML/Messages/AdcPpeType-v1 AdcPpeType.xsd"
		xmlns="http://schemas.iso.org/AdcsML/Messages/AdcPpeType-v1"
		xmlns:xsi="http://www.w3.org/2001/XMLSchema-instance">
	<PpeTyp>
		<TypCd>TYP001</TypCd>
		<TypNm>Computer</TypNm>
		<ParTypId>TYP001</ParTypId>
	</PpeTyp>
</AdcPpeType>
