<?xml version="1.0" encoding="UTF-8"?>
<!-- XML Sample Message of message hierarchy                                          -->
<!-- Message:             ADC PUR Orders Details v1.0 Rev. 4                          -->
<!-- Transaction:         AA - Audit Data Collection Rev. 271                         -->
<!-- Datamodel:           Audit Data Collection Datamodel, version HEAD Rev. 347      -->
<!-- XML tagset used:     AdcsML                                                      -->
<!-- Generated at:        02-05-2021 16:04:26                                         -->
<!-- Generated using:     EC-Design 2.5.0 (http://www.ec-design.nl)                   -->
<!-- Generated by:        Jan Vrijenhoek (Digitect)                                   -->
<!-- Organisation:        Digitect B.V. (Digitect)                                    -->
<!-- NOTE:    This sample message was generated automatically: manual modifications will be lost -->
<AdcPurOrdersDetails xsi:schemaLocation="http://schemas.iso.org/AdcsML/Messages/AdcPurOrdersDetails-v1 AdcPurOrdersDetails.xsd"
		xmlns="http://schemas.iso.org/AdcsML/Messages/AdcPurOrdersDetails-v1"
		xmlns:xsi="http://www.w3.org/2001/XMLSchema-instance">
	<PurOrdDtls>
		<OrdId>ORD001</OrdId>
		<OrdLnId>1</OrdLnId>
		<OrdLnNr>1</OrdLnNr>
		<ContrId>C001</ContrId>
		<ContrLnId>1</ContrLnId>
		<RqstnId>R01</RqstnId>
		<RqstnLnId>1</RqstnLnId>
		<SetlOrgCd>BS001</SetlOrgCd>
		<RcptOrgCd>BS001</RcptOrgCd>
		<ProjId>P0001</ProjId>
		<DueDt>2020-02-29</DueDt>
		<BasicUomQt>100.0000</BasicUomQt>
		<BasicUomCd>KG</BasicUomCd>
		<OrdLnQt>100.0000</OrdLnQt>
		<OrdLnUomCd>KG</OrdLnUomCd>
		<TaxExclUnitPrice>80.00000000</TaxExclUnitPrice>
		<TaxInclUnitPrice>100.00000000</TaxInclUnitPrice>
		<TaxExclAmt>8000.0000</TaxExclAmt>
		<TaxInclAmt>10000.0000</TaxInclAmt>
		<PrdctId>PRD001</PrdctId>
		<OrdLnTrAmt>10000.0000</OrdLnTrAmt>
		<Stat>NEW</Stat>
		<Tax>
			<TaxTypCd>TAX01</TaxTypCd>
			<TaxTrAmt>10000.0000</TaxTrAmt>
		</Tax>
		<BusSg>
			<BusSgCd>1234</BusSgCd>
		</BusSg>
	</PurOrdDtls>
</AdcPurOrdersDetails>
