<?xml version="1.0" encoding="UTF-8"?>
<!-- XML Sample Message of message hierarchy                                          -->
<!-- Message:             ADC PPE Removal v1.0 Rev. 4                                 -->
<!-- Transaction:         AA - Audit Data Collection Rev. 271                         -->
<!-- Datamodel:           Audit Data Collection Datamodel, version HEAD Rev. 347      -->
<!-- XML tagset used:     AdcsML                                                      -->
<!-- Generated at:        02-05-2021 16:10:01                                         -->
<!-- Generated using:     EC-Design 2.5.0 (http://www.ec-design.nl)                   -->
<!-- Generated by:        Jan Vrijenhoek (Digitect)                                   -->
<!-- Organisation:        Digitect B.V. (Digitect)                                    -->
<!-- NOTE:    This sample message was generated automatically: manual modifications will be lost -->
<AdcPpeRemoval xsi:schemaLocation="http://schemas.iso.org/AdcsML/Messages/AdcPpeRemoval-v1 AdcPpeRemoval.xsd"
		xmlns="http://schemas.iso.org/AdcsML/Messages/AdcPpeRemoval-v1"
		xmlns:xsi="http://www.w3.org/2001/XMLSchema-instance">
	<PpeRmv>
		<RmvId>RM001</RmvId>
		<PpeId>PPE001</PpeId>
		<FiscYr>2020</FiscYr>
		<AcntingPer>M1</AcntingPer>
		<TagNr>PPE001</TagNr>
		<RmvTypNm>Sale</RmvTypNm>
		<RmvDt>2020-02-15</RmvDt>
		<RmvReason>Replacement</RmvReason>
		<RmvQt>1.0000</RmvQt>
		<RmvOriginalCost>1700.0000</RmvOriginalCost>
		<RmvAccumDepre>1600.0000</RmvAccumDepre>
		<RmvImprProv>100.0000</RmvImprProv>
		<RmvResiValue>100.0000</RmvResiValue>
		<RmvCashPrcdsAmt>100.0000</RmvCashPrcdsAmt>
		<RmvNonCashPrcdsAmt>0.0000</RmvNonCashPrcdsAmt>
		<RmvExpns>50.0000</RmvExpns>
		<UnrlzdGainLossAmt>50.0000</UnrlzdGainLossAmt>
		<RlzdGainLossAmt>0.0000</RlzdGainLossAmt>
		<FuncCurCd>USD</FuncCurCd>
		<UnrlzdGainLossAccNum>ACC123456789</UnrlzdGainLossAccNum>
		<RlzdGainLossAcntNum>ACC123456789</RlzdGainLossAcntNum>
		<Crea>
			<UserId>JD</UserId>
			<Dt>2020-03-02</Dt>
			<Tm>09:31</Tm>
		</Crea>
		<Aprv>
			<UserId>JD</UserId>
			<Dt>2020-03-02</Dt>
			<Tm>09:31</Tm>
		</Aprv>
		<LstMdf>
			<UserId>JD</UserId>
			<Dt>2020-03-02</Dt>
			<Tm>09:31</Tm>
		</LstMdf>
		<BusSg>
			<BusSgCd>1234</BusSgCd>
		</BusSg>
	</PpeRmv>
</AdcPpeRemoval>
