<?xml version="1.0" encoding="UTF-8"?>
<!-- XML Sample Message of message hierarchy                                          -->
<!-- Message:             ADC PUR Requisitions v1.0 Rev. 4                            -->
<!-- Transaction:         AA - Audit Data Collection Rev. 271                         -->
<!-- Datamodel:           Audit Data Collection Datamodel, version HEAD Rev. 347      -->
<!-- XML tagset used:     AdcsML                                                      -->
<!-- Generated at:        02-05-2021 16:04:22                                         -->
<!-- Generated using:     EC-Design 2.5.0 (http://www.ec-design.nl)                   -->
<!-- Generated by:        Jan Vrijenhoek (Digitect)                                   -->
<!-- Organisation:        Digitect B.V. (Digitect)                                    -->
<!-- NOTE:    This sample message was generated automatically: manual modifications will be lost -->
<AdcPurRequisitions xsi:schemaLocation="http://schemas.iso.org/AdcsML/Messages/AdcPurRequisitions-v1 AdcPurRequisitions.xsd"
		xmlns="http://schemas.iso.org/AdcsML/Messages/AdcPurRequisitions-v1"
		xmlns:xsi="http://www.w3.org/2001/XMLSchema-instance">
	<PurRqstn>
		<RqstnId>R01</RqstnId>
		<RqstnNr>123456789</RqstnNr>
		<RqstnDt>2020-02-01</RqstnDt>
		<Stat>NEW</Stat>
		<Rmrk>New requisition</Rmrk>
		<Crea>
			<UserId>JD</UserId>
			<Dt>2020-03-02</Dt>
		</Crea>
		<BusSg>
			<BusSgCd>1234</BusSgCd>
		</BusSg>
	</PurRqstn>
</AdcPurRequisitions>
