{
	"ArAdj": [ {
		"AdjId": "AD1234",
		"AdjNr": "123456789",
		"AdjTypNm": "Finance charge",
		"AdjDocNr": "Document 1234",
		"InvoiId": "I001",
		"JrnId": "JRN1",
		"FiscYr": 2020,
		"AcntingPer": "M1",
		"AdjDt": "2020-02-01",
		"CustAcntId": "C00001",
		"GlDbAcntNr": "ACC123456789",
		"GlCrAcntNr": "ACC123456789",
		"TrAmt": {
			"FuncAmt": 125.1255,
			"FuncCurCd": "USD",
			"TrAmt": 125.1255,
			"TrCurCd": "USD",
			"RprtAmt": 125.1255,
			"RprtCurCd": "USD",
			"LocAmt": 125.1255,
			"LocCurCd": "USD"
		},
		"Tax": [ {
			"TaxTypCd": "TAX01",
			"TaxLocAmt": 200.0000,
			"GlTaxDbAcntNr": "ACC123456789",
			"GlTaxCrAcntNr": "ACC123456789"
		} ],
		"Crea": {
			"UserId": "JD",
			"Dt": "2020-03-02",
			"Tm": "09:31"
		},
		"Aprv": {
			"UserId": "JD",
			"Dt": "2020-03-02",
			"Tm": "09:31"
		},
		"LstMdf": {
			"UserId": "JD",
			"Dt": "2020-03-02",
			"Tm": "09:31"
		},
		"BusSg": [ {
			"BusSgCd": "BS001"
		} ]
	} ]
}