{
	"$schema": "http://json-schema.org/draft-06/schema#",
	"$id": "http://schemas.iso.org/AdcsML/Messages/AdcApCashApplication_jsd6-v1",
	"description": "JSON Definition of message hierarchy: ADC AP Cash Application v1.0",
	"modelRef": [
		"Message:             ADC AP Cash Application v1.0",
		"Message Rev.:        4",
		"Transaction:         AA - Audit Data Collection",
		"Transaction Rev.:    278 - Audit Data Collection",
		"Datamodel:           Audit Data Collection Datamodel, version HEAD",
		"Datamodel Rev.:      379",
		"XML tagset used:     AdcsML",
		"Generated at:        08-06-2021 19:01:50",
		"Generated using:     EC-Design 2.5.0 (http://www.ec-design.nl)",
		"Generated by:        Jan Vrijenhoek (Digitect)",
		"Organisation:        Digitect B.V. (Digitect)",
		"NOTE:    This schema was generated automatically: manual modifications will be lost",
		"NOTE:    Additional rules/conditions regarding the definition may exist, see functional hierarchical specification"
	],
	"type": "object",
	"additionalProperties": false,
	"properties": {
		"ApCashApl": {
			"type": "array",
			"title": "AP CASH APPLICATION",
			"minItems": 0,
			"maxItems": 999999,
			"items": {
				"type": "object",
				"additionalProperties": false,
				"properties": {
					"ApAplId": {
						"$ref": "#/definitions/domains/TypId100",
						"title": "AP Application ID"
					},
					"FiscYr": {
						"$ref": "#/definitions/domains/TypYrId",
						"title": "Fiscal Year"
					},
					"AcntingPer": {
						"$ref": "#/definitions/domains/TypPerId",
						"title": "Accounting Period"
					},
					"ApAplDt": {
						"$ref": "#/definitions/domains/TypDt",
						"title": "AP Application Date"
					},
					"SuplAcntId": {
						"$ref": "#/definitions/domains/TypId100",
						"title": "Supplier Account ID"
					},
					"PayId": {
						"$ref": "#/definitions/domains/TypId60",
						"title": "Payment ID"
					},
					"InvoiId": {
						"$ref": "#/definitions/domains/TypId60",
						"title": "Invoice ID"
					},
					"SetlMthdCd": {
						"$ref": "#/definitions/domains/TypId60",
						"title": "Settlement Method Code"
					},
					"Rmrk": {
						"$ref": "#/definitions/domains/TypText500",
						"title": "Remark"
					},
					"GlDbAcntNr": {
						"$ref": "#/definitions/domains/TypGlAcntNr100",
						"title": "GL Debit Account Number"
					},
					"GlCrAcntNr": {
						"$ref": "#/definitions/domains/TypGlAcntNr100",
						"title": "GL Credit Account Number"
					},
					"TrAmt": {
						"type": "object",
						"additionalProperties": false,
						"properties": {
							"FuncAmt": {
								"$ref": "#/definitions/domains/TypAmt",
								"title": "Functional Amount"
							},
							"FuncCurCd": {
								"$ref": "#/definitions/domains/TypCurCd",
								"title": "Functional Currency Code"
							},
							"TrAmt": {
								"$ref": "#/definitions/domains/TypAmt",
								"title": "Transaction Amount"
							},
							"TrCurCd": {
								"$ref": "#/definitions/domains/TypCurCd",
								"title": "Transaction Currency Code"
							},
							"RprtAmt": {
								"$ref": "#/definitions/domains/TypAmt",
								"title": "Reporting Amount"
							},
							"RprtCurCd": {
								"$ref": "#/definitions/domains/TypCurCd",
								"title": "Reporting Currency Code"
							},
							"LocAmt": {
								"$ref": "#/definitions/domains/TypAmt",
								"title": "Local Amount"
							},
							"LocCurCd": {
								"$ref": "#/definitions/domains/TypCurCd",
								"title": "Local Currency Code"
							}
						},
						"required": [ ]
					},
					"Crea": {
						"type": "object",
						"additionalProperties": false,
						"properties": {
							"UserId": {
								"$ref": "#/definitions/domains/TypId25",
								"title": "User ID"
							},
							"Dt": {
								"$ref": "#/definitions/domains/TypDt",
								"title": "Date"
							},
							"Tm": {
								"$ref": "#/definitions/domains/TypTm",
								"title": "Time"
							}
						},
						"required": [ ]
					},
					"Aprv": {
						"type": "object",
						"additionalProperties": false,
						"properties": {
							"UserId": {
								"$ref": "#/definitions/domains/TypId25",
								"title": "User ID"
							},
							"Dt": {
								"$ref": "#/definitions/domains/TypDt",
								"title": "Date"
							},
							"Tm": {
								"$ref": "#/definitions/domains/TypTm",
								"title": "Time"
							}
						},
						"required": [ ]
					},
					"LstMdf": {
						"type": "object",
						"additionalProperties": false,
						"properties": {
							"UserId": {
								"$ref": "#/definitions/domains/TypId25",
								"title": "User ID"
							},
							"Dt": {
								"$ref": "#/definitions/domains/TypDt",
								"title": "Date"
							},
							"Tm": {
								"$ref": "#/definitions/domains/TypTm",
								"title": "Time"
							}
						},
						"required": [ ]
					},
					"BusSg": {
						"type": "array",
						"title": "ap cash application - BUSINESS SEGMENT",
						"minItems": 0,
						"maxItems": 999999,
						"items": {
							"type": "object",
							"additionalProperties": false,
							"properties": {
								"BusSgCd": {
									"$ref": "#/definitions/domains/TypId25",
									"title": "Business Segment Code"
								}
							},
							"required": [ ]
						}
					}
				},
				"required": [ "ApAplId" ]
			}
		}
	},
	"required": [ ],
	"definitions": {
		"domains": {
			"TypAmt": {
				"type": "number", 
				"multipleOf": 0.0001,
				"title": "AMOUNT"
			},
			"TypCurCd": {
				"type": "string", 
				"minLength": 3,
				"maxLength": 3,
				"title": "CURRENCY CODE"
			},
			"TypDt": {
				"type": "string", 
				"minLength": 10,
				"maxLength": 10,
				"pattern": "^\\d{4}-(0[1-9]|1[0-2])-(0[1-9]|[1-2]\\d|3[0-1])$",
				"title": "DATE (CCYY-MM-DD)"
			},
			"TypGlAcntNr100": {
				"type": "string", 
				"maxLength": 100,
				"title": "GL ACCOUNT NUMBER 100"
			},
			"TypId100": {
				"type": "string", 
				"maxLength": 100,
				"title": "IDENTIFIER 100"
			},
			"TypId25": {
				"type": "string", 
				"maxLength": 25,
				"title": "IDENTIFIER 25"
			},
			"TypId60": {
				"type": "string", 
				"maxLength": 60,
				"title": "IDENTIFIER 60"
			},
			"TypPerId": {
				"type": "string", 
				"maxLength": 15,
				"title": "PERIOD IDENTIFIER"
			},
			"TypText500": {
				"type": "string", 
				"maxLength": 500,
				"title": "TEXT 500"
			},
			"TypTm": {
				"type": "string", 
				"maxLength": 8,
				"title": "TIME"
			},
			"TypYrId": {
				"type": "integer", 
				"title": "YEAR IDENTIFIER"
			}
		}
	}
}