{
	"ApAdjDtls": [ {
		"AdjId": "AD1234",
		"AdjLnId": "1",
		"AdjLnNr": "1",
		"InvoiId": "I001",
		"InvoiLnId": "1",
		"JrnId": "JRN1",
		"GlDbAcntNr": "ACC123456789",
		"GlCrAcntNr": "ACC123456789",
		"TrAmt": {
			"FuncAmt": 125.1255,
			"FuncCurCd": "USD",
			"TrAmt": 125.1255,
			"TrCurCd": "USD",
			"RprtAmt": 125.1255,
			"RprtCurCd": "USD",
			"LocAmt": 125.1255,
			"LocCurCd": "USD"
		},
		"Tax": [ {
			"TaxTypCd": "TAX01",
			"TaxLocAmt": 200.0000,
			"GlTaxDbAcntNr": "ACC123456789",
			"GlTaxCrAcntNr": "ACC123456789"
		} ],
		"BusSg": [ {
			"BusSgCd": "BS001"
		} ]
	} ]
}