{
	"$schema": "http://json-schema.org/draft-06/schema#",
	"$id": "http://schemas.iso.org/AdcsML/Messages/AdcBasSupplierType_jsd6-v1",
	"description": "JSON Definition of message hierarchy: ADC BAS Supplier Type v1.0",
	"modelRef": [
		"Message:             ADC BAS Supplier Type v1.0",
		"Message Rev.:        6",
		"Transaction:         AA - Audit Data Collection",
		"Transaction Rev.:    278 - Audit Data Collection",
		"Datamodel:           Audit Data Collection Datamodel, version HEAD",
		"Datamodel Rev.:      379",
		"XML tagset used:     AdcsML",
		"Generated at:        08-06-2021 19:21:11",
		"Generated using:     EC-Design 2.5.0 (http://www.ec-design.nl)",
		"Generated by:        Jan Vrijenhoek (Digitect)",
		"Organisation:        Digitect B.V. (Digitect)",
		"NOTE:    This schema was generated automatically: manual modifications will be lost",
		"NOTE:    Additional rules/conditions regarding the definition may exist, see functional hierarchical specification"
	],
	"type": "object",
	"additionalProperties": false,
	"properties": {
		"BasSuplTyp": {
			"type": "array",
			"title": "BAS SUPPLIER TYPE",
			"minItems": 0,
			"maxItems": 999999,
			"items": {
				"type": "object",
				"additionalProperties": false,
				"properties": {
					"SuplTypId": {
						"$ref": "#/definitions/domains/TypId60",
						"title": "Supplier Type ID"
					},
					"SuplTypCd": {
						"$ref": "#/definitions/domains/TypSuplTypCd",
						"title": "Supplier Type Code"
					},
					"SuplTypNm": {
						"$ref": "#/definitions/domains/TypNm80",
						"title": "Supplier Type Name"
					},
					"ParSuplTypId": {
						"$ref": "#/definitions/domains/TypId60",
						"title": "Parent Supplier Type ID"
					}
				},
				"required": [ "SuplTypId" ]
			}
		}
	},
	"required": [ ],
	"definitions": {
		"domains": {
			"TypId60": {
				"type": "string", 
				"maxLength": 60,
				"title": "IDENTIFIER 60"
			},
			"TypNm80": {
				"type": "string", 
				"maxLength": 80,
				"title": "NAME 80"
			},
			"TypSuplTypCd": {
				"type": "string", 
				"maxLength": 100,
				"title": "SUPPLIER TYPE CODE"
			}
		}
	}
}