{
	"$schema": "http://json-schema.org/draft-06/schema#",
	"$id": "http://schemas.iso.org/AdcsML/Messages/AdcBasPaymentTerm_jsd6-v1",
	"description": "JSON Definition of message hierarchy: ADC BAS Payment Term v1.0",
	"modelRef": [
		"Message:             ADC BAS Payment Term v1.0",
		"Message Rev.:        4",
		"Transaction:         AA - Audit Data Collection",
		"Transaction Rev.:    278 - Audit Data Collection",
		"Datamodel:           Audit Data Collection Datamodel, version HEAD",
		"Datamodel Rev.:      379",
		"XML tagset used:     AdcsML",
		"Generated at:        08-06-2021 17:14:38",
		"Generated using:     EC-Design 2.5.0 (http://www.ec-design.nl)",
		"Generated by:        Jan Vrijenhoek (Digitect)",
		"Organisation:        Digitect B.V. (Digitect)",
		"NOTE:    This schema was generated automatically: manual modifications will be lost",
		"NOTE:    Additional rules/conditions regarding the definition may exist, see functional hierarchical specification"
	],
	"type": "object",
	"additionalProperties": false,
	"properties": {
		"BasPayTerm": {
			"type": "array",
			"title": "BAS PAYMENT TERM",
			"minItems": 0,
			"maxItems": 999999,
			"items": {
				"type": "object",
				"additionalProperties": false,
				"properties": {
					"PayTermCd": {
						"$ref": "#/definitions/domains/TypPayTermCd",
						"title": "Payment Term Code"
					},
					"PayTermNm": {
						"$ref": "#/definitions/domains/TypText200",
						"title": "Payment Term Name"
					},
					"PayTermLnNr": {
						"$ref": "#/definitions/domains/TypText10",
						"title": "Payment Term Line Number"
					},
					"PayTermLnDscr": {
						"$ref": "#/definitions/domains/TypText1000",
						"title": "Payment Term Line Description"
					},
					"ActiveFlag": {
						"$ref": "#/definitions/domains/TypBoolean",
						"title": "Active Flag"
					}
				},
				"required": [ "PayTermCd" ]
			}
		}
	},
	"required": [ ],
	"definitions": {
		"domains": {
			"TypBoolean": {
				"type": "boolean", 
				"title": "BOOLEAN"
			},
			"TypPayTermCd": {
				"type": "string", 
				"maxLength": 80,
				"title": "PAYMENT TERM CODE"
			},
			"TypText10": {
				"type": "string", 
				"maxLength": 10,
				"title": "TEXT 10"
			},
			"TypText1000": {
				"type": "string", 
				"maxLength": 1000,
				"title": "TEXT 1000"
			},
			"TypText200": {
				"type": "string", 
				"maxLength": 200,
				"title": "TEXT 200"
			}
		}
	}
}