{
	"$schema": "http://json-schema.org/draft-06/schema#",
	"$id": "http://schemas.iso.org/AdcsML/Messages/AdcBasCustomizedAccValue_jsd6-v1",
	"description": "JSON Definition of message hierarchy: ADC BAS Customized ACC Value v1.0",
	"modelRef": [
		"Message:             ADC BAS Customized ACC Value v1.0",
		"Message Rev.:        4",
		"Transaction:         AA - Audit Data Collection",
		"Transaction Rev.:    278 - Audit Data Collection",
		"Datamodel:           Audit Data Collection Datamodel, version HEAD",
		"Datamodel Rev.:      379",
		"XML tagset used:     AdcsML",
		"Generated at:        08-06-2021 17:14:40",
		"Generated using:     EC-Design 2.5.0 (http://www.ec-design.nl)",
		"Generated by:        Jan Vrijenhoek (Digitect)",
		"Organisation:        Digitect B.V. (Digitect)",
		"NOTE:    This schema was generated automatically: manual modifications will be lost",
		"NOTE:    Additional rules/conditions regarding the definition may exist, see functional hierarchical specification"
	],
	"type": "object",
	"additionalProperties": false,
	"properties": {
		"BasCstmzdAccValue": {
			"type": "array",
			"title": "BAS CUSTOMIZED ACC VALUE",
			"minItems": 0,
			"maxItems": 999999,
			"items": {
				"type": "object",
				"additionalProperties": false,
				"properties": {
					"CstmzdAccValueCd": {
						"$ref": "#/definitions/domains/TypId60",
						"title": "Customized ACC Value Code"
					},
					"CstmzdAccSgCd": {
						"$ref": "#/definitions/domains/TypId60",
						"title": "Customized ACC Segment Code"
					},
					"CstmzdAccValueNm": {
						"$ref": "#/definitions/domains/TypText200",
						"title": "Customized ACC Value Name"
					},
					"AccValueDscr": {
						"$ref": "#/definitions/domains/TypText1000",
						"title": "ACC Value Description"
					},
					"ParAccValueCd": {
						"$ref": "#/definitions/domains/TypId60",
						"title": "Parent ACC Value Code"
					},
					"CstmzdAccValueHrchy": {
						"$ref": "#/definitions/domains/TypHrchyLevel",
						"title": "Customized ACC Value Hierarchy"
					}
				},
				"required": [ "CstmzdAccValueCd" ]
			}
		}
	},
	"required": [ ],
	"definitions": {
		"domains": {
			"TypHrchyLevel": {
				"type": "integer", 
				"title": "HIERARCHY LEVEL"
			},
			"TypId60": {
				"type": "string", 
				"maxLength": 60,
				"title": "IDENTIFIER 60"
			},
			"TypText1000": {
				"type": "string", 
				"maxLength": 1000,
				"title": "TEXT 1000"
			},
			"TypText200": {
				"type": "string", 
				"maxLength": 200,
				"title": "TEXT 200"
			}
		}
	}
}