{
	"$schema": "http://json-schema.org/draft-06/schema#",
	"$id": "http://schemas.iso.org/AdcsML/Messages/AdcBasBusinessSegmentHierarchy_jsd6-v1",
	"description": "JSON Definition of message hierarchy: ADC BAS Business Segment Hierarchy v1.0",
	"modelRef": [
		"Message:             ADC BAS Business Segment Hierarchy v1.0",
		"Message Rev.:        7",
		"Transaction:         AA - Audit Data Collection",
		"Transaction Rev.:    278 - Audit Data Collection",
		"Datamodel:           Audit Data Collection Datamodel, version HEAD",
		"Datamodel Rev.:      379",
		"XML tagset used:     AdcsML",
		"Generated at:        08-06-2021 17:05:40",
		"Generated using:     EC-Design 2.5.0 (http://www.ec-design.nl)",
		"Generated by:        Jan Vrijenhoek (Digitect)",
		"Organisation:        Digitect B.V. (Digitect)",
		"NOTE:    This schema was generated automatically: manual modifications will be lost",
		"NOTE:    Additional rules/conditions regarding the definition may exist, see functional hierarchical specification"
	],
	"type": "object",
	"additionalProperties": false,
	"properties": {
		"BasBusSgHrchy": {
			"type": "array",
			"title": "BAS BUSINESS SEGMENT HIERARCHY",
			"minItems": 0,
			"maxItems": 999999,
			"items": {
				"type": "object",
				"additionalProperties": false,
				"properties": {
					"ParCd": {
						"$ref": "#/definitions/domains/TypId25",
						"title": "Parent Code"
					},
					"ChildCd": {
						"$ref": "#/definitions/domains/TypId25",
						"title": "Child Code"
					}
				},
				"required": [ "ParCd", "ChildCd" ]
			}
		}
	},
	"required": [ ],
	"definitions": {
		"domains": {
			"TypId25": {
				"type": "string", 
				"maxLength": 25,
				"title": "IDENTIFIER 25"
			}
		}
	}
}