{
	"$schema": "http://json-schema.org/draft-06/schema#",
	"$id": "http://schemas.iso.org/AdcsML/Messages/AdcBasCustomizedAccSegment_jsd6-v1",
	"description": "JSON Definition of message hierarchy: ADC BAS Customized ACC Segment v1.0",
	"modelRef": [
		"Message:             ADC BAS Customized ACC Segment v1.0",
		"Message Rev.:        5",
		"Transaction:         AA - Audit Data Collection",
		"Transaction Rev.:    278 - Audit Data Collection",
		"Datamodel:           Audit Data Collection Datamodel, version HEAD",
		"Datamodel Rev.:      379",
		"XML tagset used:     AdcsML",
		"Generated at:        08-06-2021 17:14:39",
		"Generated using:     EC-Design 2.5.0 (http://www.ec-design.nl)",
		"Generated by:        Jan Vrijenhoek (Digitect)",
		"Organisation:        Digitect B.V. (Digitect)",
		"NOTE:    This schema was generated automatically: manual modifications will be lost",
		"NOTE:    Additional rules/conditions regarding the definition may exist, see functional hierarchical specification"
	],
	"type": "object",
	"additionalProperties": false,
	"properties": {
		"BasCstmzdAccSg": {
			"type": "array",
			"title": "BAS CUSTOMIZED ACC SEGMENT",
			"minItems": 0,
			"maxItems": 999999,
			"items": {
				"type": "object",
				"additionalProperties": false,
				"properties": {
					"CstmzdAccSgCd": {
						"$ref": "#/definitions/domains/TypId60",
						"title": "Customized ACC Segment Code"
					},
					"CstmzdAccSgNm": {
						"$ref": "#/definitions/domains/TypText200",
						"title": "Customized ACC Segment Name"
					},
					"CstmzdAccDscr": {
						"$ref": "#/definitions/domains/TypText1000",
						"title": "Customized ACC Description"
					},
					"CstmzdAccEncRule": {
						"$ref": "#/definitions/domains/TypFileEncRuleCd",
						"title": "Customized ACC Encoding Rule"
					},
					"HrchyFlag": {
						"$ref": "#/definitions/domains/TypBoolean",
						"title": "Hierarchy Flag"
					},
					"ActiveFlag": {
						"$ref": "#/definitions/domains/TypBoolean",
						"title": "Active Flag"
					}
				},
				"required": [ "CstmzdAccSgCd" ]
			}
		}
	},
	"required": [ ],
	"definitions": {
		"domains": {
			"TypBoolean": {
				"type": "boolean", 
				"title": "BOOLEAN"
			},
			"TypFileEncRuleCd": {
				"type": "string", 
				"maxLength": 20,
				"title": "FILE ENCODING RULE CODE"
			},
			"TypId60": {
				"type": "string", 
				"maxLength": 60,
				"title": "IDENTIFIER 60"
			},
			"TypText1000": {
				"type": "string", 
				"maxLength": 1000,
				"title": "TEXT 1000"
			},
			"TypText200": {
				"type": "string", 
				"maxLength": 200,
				"title": "TEXT 200"
			}
		}
	}
}