{
	"$schema": "http://json-schema.org/draft-06/schema#",
	"$id": "http://schemas.iso.org/AdcsML/Messages/AdcBasCustomerType_jsd6-v1",
	"description": "JSON Definition of message hierarchy: ADC BAS Customer Type v1.0",
	"modelRef": [
		"Message:             ADC BAS Customer Type v1.0",
		"Message Rev.:        4",
		"Transaction:         AA - Audit Data Collection",
		"Transaction Rev.:    278 - Audit Data Collection",
		"Datamodel:           Audit Data Collection Datamodel, version HEAD",
		"Datamodel Rev.:      379",
		"XML tagset used:     AdcsML",
		"Generated at:        08-06-2021 17:08:50",
		"Generated using:     EC-Design 2.5.0 (http://www.ec-design.nl)",
		"Generated by:        Jan Vrijenhoek (Digitect)",
		"Organisation:        Digitect B.V. (Digitect)",
		"NOTE:    This schema was generated automatically: manual modifications will be lost",
		"NOTE:    Additional rules/conditions regarding the definition may exist, see functional hierarchical specification"
	],
	"type": "object",
	"additionalProperties": false,
	"properties": {
		"BasCustTyp": {
			"type": "array",
			"title": "BAS CUSTOMER TYPE",
			"minItems": 0,
			"maxItems": 999999,
			"items": {
				"type": "object",
				"additionalProperties": false,
				"properties": {
					"CustTypId": {
						"$ref": "#/definitions/domains/TypId60",
						"title": "Customer Type ID"
					},
					"CustTypCd": {
						"$ref": "#/definitions/domains/TypCustTypCd",
						"title": "Customer Type Code"
					},
					"CustTypNm": {
						"$ref": "#/definitions/domains/TypNm80",
						"title": "Customer Type Name"
					},
					"ParCustTypId": {
						"$ref": "#/definitions/domains/TypId60",
						"title": "Parent Customer Type ID"
					}
				},
				"required": [ "CustTypId" ]
			}
		}
	},
	"required": [ ],
	"definitions": {
		"domains": {
			"TypCustTypCd": {
				"type": "string", 
				"maxLength": 100,
				"title": "CUSTOMER TYPE CODE"
			},
			"TypId60": {
				"type": "string", 
				"maxLength": 60,
				"title": "IDENTIFIER 60"
			},
			"TypNm80": {
				"type": "string", 
				"maxLength": 80,
				"title": "NAME 80"
			}
		}
	}
}