{
	"$schema": "http://json-schema.org/draft-06/schema#",
	"$id": "http://schemas.iso.org/AdcsML/Messages/AdcBasSupplier_jsd6-v1",
	"description": "JSON Definition of message hierarchy: ADC BAS Supplier v1.0",
	"modelRef": [
		"Message:             ADC BAS Supplier v1.0",
		"Message Rev.:        5",
		"Transaction:         AA - Audit Data Collection",
		"Transaction Rev.:    278 - Audit Data Collection",
		"Datamodel:           Audit Data Collection Datamodel, version HEAD",
		"Datamodel Rev.:      379",
		"XML tagset used:     AdcsML",
		"Generated at:        08-06-2021 17:08:51",
		"Generated using:     EC-Design 2.5.0 (http://www.ec-design.nl)",
		"Generated by:        Jan Vrijenhoek (Digitect)",
		"Organisation:        Digitect B.V. (Digitect)",
		"NOTE:    This schema was generated automatically: manual modifications will be lost",
		"NOTE:    Additional rules/conditions regarding the definition may exist, see functional hierarchical specification"
	],
	"type": "object",
	"additionalProperties": false,
	"properties": {
		"BasSupl": {
			"type": "array",
			"title": "BAS SUPPLIER",
			"minItems": 0,
			"maxItems": 999999,
			"items": {
				"type": "object",
				"additionalProperties": false,
				"properties": {
					"SuplAcntId": {
						"$ref": "#/definitions/domains/TypId100",
						"title": "Supplier Account ID"
					},
					"SuplAcntNr": {
						"$ref": "#/definitions/domains/TypId100",
						"title": "Supplier Account Number"
					},
					"SuplAcntNm": {
						"$ref": "#/definitions/domains/TypNm200",
						"title": "Supplier Account Name"
					},
					"SuplAbrv": {
						"$ref": "#/definitions/domains/TypNm100",
						"title": "Supplier Abbreviation"
					},
					"ParSuplId": {
						"$ref": "#/definitions/domains/TypId100",
						"title": "Parent Supplier ID"
					},
					"CorrCustId": {
						"$ref": "#/definitions/domains/TypId100",
						"title": "Corresponding Customer ID"
					},
					"SuplTypId": {
						"$ref": "#/definitions/domains/TypId60",
						"title": "Supplier Type ID"
					},
					"SuplTin": {
						"$ref": "#/definitions/domains/TypTaxIdentificationNr",
						"title": "Supplier TIN"
					},
					"SuplGroup": {
						"$ref": "#/definitions/domains/TypText100",
						"title": "Supplier Group"
					},
					"InactiveDt": {
						"$ref": "#/definitions/domains/TypDt",
						"title": "Inactive Date"
					},
					"TrCrLimit": {
						"$ref": "#/definitions/domains/TypAmt",
						"title": "Transaction Credit Limit"
					},
					"TotCrLimit": {
						"$ref": "#/definitions/domains/TypAmt",
						"title": "Total Credit Limit"
					},
					"TrmsDscntPerc": {
						"$ref": "#/definitions/domains/TypPerc",
						"title": "Terms Discount Percentage"
					},
					"TrmsDscntDays": {
						"$ref": "#/definitions/domains/TypNr6",
						"title": "Terms Discount Days"
					},
					"TrmsDueDays": {
						"$ref": "#/definitions/domains/TypNr6",
						"title": "Terms Due Days"
					},
					"PhysAdr": {
						"type": "object",
						"additionalProperties": false,
						"properties": {
							"StreetAdr1": {
								"$ref": "#/definitions/domains/TypText100",
								"title": "Street Address1"
							},
							"StreetAdr2": {
								"$ref": "#/definitions/domains/TypText100",
								"title": "Street Address2"
							},
							"CityNm": {
								"$ref": "#/definitions/domains/TypCityNm",
								"title": "City Name"
							},
							"StatePrvncCd": {
								"$ref": "#/definitions/domains/TypStatePrvncCd",
								"title": "State Province Code"
							},
							"PostalCd": {
								"$ref": "#/definitions/domains/TypPostalCd",
								"title": "Postal Code"
							},
							"CntryCd": {
								"$ref": "#/definitions/domains/TypCntryCd",
								"title": "Country Code"
							}
						},
						"required": [ ]
					},
					"BillAdr": {
						"type": "object",
						"additionalProperties": false,
						"properties": {
							"StreetAdr1": {
								"$ref": "#/definitions/domains/TypText100",
								"title": "Street Address1"
							},
							"StreetAdr2": {
								"$ref": "#/definitions/domains/TypText100",
								"title": "Street Address2"
							},
							"CityNm": {
								"$ref": "#/definitions/domains/TypCityNm",
								"title": "City Name"
							},
							"StatePrvncCd": {
								"$ref": "#/definitions/domains/TypStatePrvncCd",
								"title": "State Province Code"
							},
							"PostalCd": {
								"$ref": "#/definitions/domains/TypPostalCd",
								"title": "Postal Code"
							},
							"CntryCd": {
								"$ref": "#/definitions/domains/TypCntryCd",
								"title": "Country Code"
							}
						},
						"required": [ ]
					},
					"PrimCnt": {
						"type": "object",
						"additionalProperties": false,
						"properties": {
							"Nm": {
								"$ref": "#/definitions/domains/TypNm100",
								"title": "Name"
							},
							"Phone": {
								"$ref": "#/definitions/domains/TypPhoneNr",
								"title": "Phone"
							},
							"Email": {
								"$ref": "#/definitions/domains/TypEmail",
								"title": "Email"
							}
						},
						"required": [ ]
					},
					"Crea": {
						"type": "object",
						"additionalProperties": false,
						"properties": {
							"UserId": {
								"$ref": "#/definitions/domains/TypId25",
								"title": "User ID"
							},
							"Dt": {
								"$ref": "#/definitions/domains/TypDt",
								"title": "Date"
							},
							"Tm": {
								"$ref": "#/definitions/domains/TypTm",
								"title": "Time"
							}
						},
						"required": [ ]
					},
					"Aprv": {
						"type": "object",
						"additionalProperties": false,
						"properties": {
							"UserId": {
								"$ref": "#/definitions/domains/TypId25",
								"title": "User ID"
							},
							"Dt": {
								"$ref": "#/definitions/domains/TypDt",
								"title": "Date"
							},
							"Tm": {
								"$ref": "#/definitions/domains/TypTm",
								"title": "Time"
							}
						},
						"required": [ ]
					},
					"LstMdf": {
						"type": "object",
						"additionalProperties": false,
						"properties": {
							"UserId": {
								"$ref": "#/definitions/domains/TypId25",
								"title": "User ID"
							},
							"Dt": {
								"$ref": "#/definitions/domains/TypDt",
								"title": "Date"
							},
							"Tm": {
								"$ref": "#/definitions/domains/TypTm",
								"title": "Time"
							}
						},
						"required": [ ]
					}
				},
				"required": [ "SuplAcntId" ]
			}
		}
	},
	"required": [ ],
	"definitions": {
		"domains": {
			"TypAmt": {
				"type": "number", 
				"multipleOf": 0.0001,
				"title": "AMOUNT"
			},
			"TypCityNm": {
				"type": "string", 
				"maxLength": 100,
				"title": "CITY NAME"
			},
			"TypCntryCd": {
				"type": "string", 
				"minLength": 2,
				"maxLength": 3,
				"title": "COUNTRY CODE"
			},
			"TypDt": {
				"type": "string", 
				"minLength": 10,
				"maxLength": 10,
				"pattern": "^\\d{4}-(0[1-9]|1[0-2])-(0[1-9]|[1-2]\\d|3[0-1])$",
				"title": "DATE (CCYY-MM-DD)"
			},
			"TypEmail": {
				"type": "string", 
				"maxLength": 100,
				"title": "EMAIL"
			},
			"TypId100": {
				"type": "string", 
				"maxLength": 100,
				"title": "IDENTIFIER 100"
			},
			"TypId25": {
				"type": "string", 
				"maxLength": 25,
				"title": "IDENTIFIER 25"
			},
			"TypId60": {
				"type": "string", 
				"maxLength": 60,
				"title": "IDENTIFIER 60"
			},
			"TypNm100": {
				"type": "string", 
				"maxLength": 100,
				"title": "NAME 100"
			},
			"TypNm200": {
				"type": "string", 
				"maxLength": 200,
				"title": "NAME 200"
			},
			"TypNr6": {
				"type": "integer", 
				"title": "NUMBER 6"
			},
			"TypPerc": {
				"type": "number", 
				"multipleOf": 0.0001,
				"title": "PERCENTAGE"
			},
			"TypPhoneNr": {
				"type": "string", 
				"maxLength": 20,
				"title": "PHONE NUMBER"
			},
			"TypPostalCd": {
				"type": "string", 
				"maxLength": 20,
				"title": "POSTAL CODE"
			},
			"TypStatePrvncCd": {
				"type": "string", 
				"maxLength": 6,
				"title": "STATE PROVINCE CODE"
			},
			"TypTaxIdentificationNr": {
				"type": "string", 
				"maxLength": 100,
				"title": "TAX IDENTIFICATION NUMBER"
			},
			"TypText100": {
				"type": "string", 
				"maxLength": 100,
				"title": "TEXT 100"
			},
			"TypTm": {
				"type": "string", 
				"maxLength": 8,
				"title": "TIME"
			}
		}
	}
}