{
	"$schema": "http://json-schema.org/draft-06/schema#",
	"$id": "http://schemas.iso.org/AdcsML/Messages/AdcBasBankAccount_jsd6-v1",
	"description": "JSON Definition of message hierarchy: ADC BAS Bank Account v1.0",
	"modelRef": [
		"Message:             ADC BAS Bank Account v1.0",
		"Message Rev.:        6",
		"Transaction:         AA - Audit Data Collection",
		"Transaction Rev.:    278 - Audit Data Collection",
		"Datamodel:           Audit Data Collection Datamodel, version HEAD",
		"Datamodel Rev.:      379",
		"XML tagset used:     AdcsML",
		"Generated at:        08-06-2021 17:14:38",
		"Generated using:     EC-Design 2.5.0 (http://www.ec-design.nl)",
		"Generated by:        Jan Vrijenhoek (Digitect)",
		"Organisation:        Digitect B.V. (Digitect)",
		"NOTE:    This schema was generated automatically: manual modifications will be lost",
		"NOTE:    Additional rules/conditions regarding the definition may exist, see functional hierarchical specification"
	],
	"type": "object",
	"additionalProperties": false,
	"properties": {
		"BasBankAcnt": {
			"type": "array",
			"title": "BAS BANK ACCOUNT",
			"minItems": 0,
			"maxItems": 999999,
			"items": {
				"type": "object",
				"additionalProperties": false,
				"properties": {
					"BankAcntNr": {
						"$ref": "#/definitions/domains/TypId60",
						"title": "Bank Account Number"
					},
					"BankAcntNm": {
						"$ref": "#/definitions/domains/TypText128",
						"title": "Bank Account Name"
					},
					"BankCd": {
						"$ref": "#/definitions/domains/TypBankCd",
						"title": "Bank Code"
					},
					"BankNm": {
						"$ref": "#/definitions/domains/TypText200",
						"title": "Bank Name"
					},
					"BraCd": {
						"$ref": "#/definitions/domains/TypBraCd",
						"title": "Branch Code"
					},
					"BraNm": {
						"$ref": "#/definitions/domains/TypText200",
						"title": "Branch Name"
					},
					"BraCntryCd": {
						"$ref": "#/definitions/domains/TypCntryCd",
						"title": "Branch Country Code"
					},
					"BraRegion": {
						"$ref": "#/definitions/domains/TypText25",
						"title": "Branch Region"
					},
					"ActiveFlag": {
						"$ref": "#/definitions/domains/TypBoolean",
						"title": "Active Flag"
					},
					"BusSg": {
						"type": "array",
						"title": "bas bank account - BUSINESS SEGMENT",
						"minItems": 0,
						"maxItems": 999999,
						"items": {
							"type": "object",
							"additionalProperties": false,
							"properties": {
								"BusSgCd": {
									"$ref": "#/definitions/domains/TypId25",
									"title": "Business Segment Code"
								}
							},
							"required": [ ]
						}
					}
				},
				"required": [ "BankAcntNr" ]
			}
		}
	},
	"required": [ ],
	"definitions": {
		"domains": {
			"TypBankCd": {
				"type": "string", 
				"maxLength": 80,
				"title": "BANK CODE"
			},
			"TypBoolean": {
				"type": "boolean", 
				"title": "BOOLEAN"
			},
			"TypBraCd": {
				"type": "string", 
				"maxLength": 80,
				"title": "BRANCH CODE"
			},
			"TypCntryCd": {
				"type": "string", 
				"minLength": 2,
				"maxLength": 3,
				"title": "COUNTRY CODE"
			},
			"TypId25": {
				"type": "string", 
				"maxLength": 25,
				"title": "IDENTIFIER 25"
			},
			"TypId60": {
				"type": "string", 
				"maxLength": 60,
				"title": "IDENTIFIER 60"
			},
			"TypText128": {
				"type": "string", 
				"maxLength": 128,
				"title": "TEXT 128"
			},
			"TypText200": {
				"type": "string", 
				"maxLength": 200,
				"title": "TEXT 200"
			},
			"TypText25": {
				"type": "string", 
				"maxLength": 25,
				"title": "TEXT 25"
			}
		}
	}
}