{
	"$schema": "http://json-schema.org/draft-06/schema#",
	"$id": "http://schemas.iso.org/AdcsML/Messages/AdcBasProject_jsd6-v1",
	"description": "JSON Definition of message hierarchy: ADC BAS Project v1.0",
	"modelRef": [
		"Message:             ADC BAS Project v1.0",
		"Message Rev.:        5",
		"Transaction:         AA - Audit Data Collection",
		"Transaction Rev.:    278 - Audit Data Collection",
		"Datamodel:           Audit Data Collection Datamodel, version HEAD",
		"Datamodel Rev.:      379",
		"XML tagset used:     AdcsML",
		"Generated at:        08-06-2021 17:14:38",
		"Generated using:     EC-Design 2.5.0 (http://www.ec-design.nl)",
		"Generated by:        Jan Vrijenhoek (Digitect)",
		"Organisation:        Digitect B.V. (Digitect)",
		"NOTE:    This schema was generated automatically: manual modifications will be lost",
		"NOTE:    Additional rules/conditions regarding the definition may exist, see functional hierarchical specification"
	],
	"type": "object",
	"additionalProperties": false,
	"properties": {
		"BasProj": {
			"type": "array",
			"title": "BAS PROJECT",
			"minItems": 0,
			"maxItems": 999999,
			"items": {
				"type": "object",
				"additionalProperties": false,
				"properties": {
					"ProjId": {
						"$ref": "#/definitions/domains/TypId60",
						"title": "Project ID"
					},
					"ProjCd": {
						"$ref": "#/definitions/domains/TypText80",
						"title": "Project Code"
					},
					"ProjNm": {
						"$ref": "#/definitions/domains/TypText80",
						"title": "Project Name"
					},
					"ProjBegDt": {
						"$ref": "#/definitions/domains/TypDt",
						"title": "Project Beginning Date"
					},
					"ProjEndDt": {
						"$ref": "#/definitions/domains/TypDt",
						"title": "Project Ending Date"
					},
					"ActiveFlag": {
						"$ref": "#/definitions/domains/TypBoolean",
						"title": "Active Flag"
					},
					"BusSg": {
						"type": "array",
						"title": "bas project - BUSINESS SEGMENT",
						"minItems": 0,
						"maxItems": 999999,
						"items": {
							"type": "object",
							"additionalProperties": false,
							"properties": {
								"BusSgCd": {
									"$ref": "#/definitions/domains/TypId25",
									"title": "Business Segment Code"
								}
							},
							"required": [ ]
						}
					}
				},
				"required": [ "ProjId" ]
			}
		}
	},
	"required": [ ],
	"definitions": {
		"domains": {
			"TypBoolean": {
				"type": "boolean", 
				"title": "BOOLEAN"
			},
			"TypDt": {
				"type": "string", 
				"minLength": 10,
				"maxLength": 10,
				"pattern": "^\\d{4}-(0[1-9]|1[0-2])-(0[1-9]|[1-2]\\d|3[0-1])$",
				"title": "DATE (CCYY-MM-DD)"
			},
			"TypId25": {
				"type": "string", 
				"maxLength": 25,
				"title": "IDENTIFIER 25"
			},
			"TypId60": {
				"type": "string", 
				"maxLength": 60,
				"title": "IDENTIFIER 60"
			},
			"TypText80": {
				"type": "string", 
				"maxLength": 80,
				"title": "TEXT 80"
			}
		}
	}
}