{
	"$schema": "http://json-schema.org/draft-06/schema#",
	"$id": "http://schemas.iso.org/AdcsML/Messages/AdcBasJournalEntryType_jsd6-v1",
	"description": "JSON Definition of message hierarchy: ADC BAS Journal Entry Type v1.0",
	"modelRef": [
		"Message:             ADC BAS Journal Entry Type v1.0",
		"Message Rev.:        4",
		"Transaction:         AA - Audit Data Collection",
		"Transaction Rev.:    278 - Audit Data Collection",
		"Datamodel:           Audit Data Collection Datamodel, version HEAD",
		"Datamodel Rev.:      379",
		"XML tagset used:     AdcsML",
		"Generated at:        08-06-2021 17:14:35",
		"Generated using:     EC-Design 2.5.0 (http://www.ec-design.nl)",
		"Generated by:        Jan Vrijenhoek (Digitect)",
		"Organisation:        Digitect B.V. (Digitect)",
		"NOTE:    This schema was generated automatically: manual modifications will be lost",
		"NOTE:    Additional rules/conditions regarding the definition may exist, see functional hierarchical specification"
	],
	"type": "object",
	"additionalProperties": false,
	"properties": {
		"BasJrnEntryTyp": {
			"type": "array",
			"title": "BAS JOURNAL ENTRY TYPE",
			"minItems": 0,
			"maxItems": 999999,
			"items": {
				"type": "object",
				"additionalProperties": false,
				"properties": {
					"JeTypCd": {
						"$ref": "#/definitions/domains/TypId60",
						"title": "JE Type Code"
					},
					"JeTypNm": {
						"$ref": "#/definitions/domains/TypText60",
						"title": "JE Type Name"
					},
					"JeTypAbrv": {
						"$ref": "#/definitions/domains/TypText30",
						"title": "JE Type Abbreviation"
					},
					"ActiveFlag": {
						"$ref": "#/definitions/domains/TypBoolean",
						"title": "Active Flag"
					}
				},
				"required": [ "JeTypCd" ]
			}
		}
	},
	"required": [ ],
	"definitions": {
		"domains": {
			"TypBoolean": {
				"type": "boolean", 
				"title": "BOOLEAN"
			},
			"TypId60": {
				"type": "string", 
				"maxLength": 60,
				"title": "IDENTIFIER 60"
			},
			"TypText30": {
				"type": "string", 
				"maxLength": 30,
				"title": "TEXT 30"
			},
			"TypText60": {
				"type": "string", 
				"maxLength": 60,
				"title": "TEXT 60"
			}
		}
	}
}