{
	"$schema": "http://json-schema.org/draft-06/schema#",
	"$id": "http://schemas.iso.org/AdcsML/Messages/AdcGlDetails_jsd6-v1",
	"description": "JSON Definition of message hierarchy: ADC GL Details v1.0",
	"modelRef": [
		"Message:             ADC GL Details v1.0",
		"Message Rev.:        8",
		"Transaction:         AA - Audit Data Collection",
		"Transaction Rev.:    278 - Audit Data Collection",
		"Datamodel:           Audit Data Collection Datamodel, version HEAD",
		"Datamodel Rev.:      379",
		"XML tagset used:     AdcsML",
		"Generated at:        08-06-2021 17:18:58",
		"Generated using:     EC-Design 2.5.0 (http://www.ec-design.nl)",
		"Generated by:        Jan Vrijenhoek (Digitect)",
		"Organisation:        Digitect B.V. (Digitect)",
		"NOTE:    This schema was generated automatically: manual modifications will be lost",
		"NOTE:    Additional rules/conditions regarding the definition may exist, see functional hierarchical specification"
	],
	"type": "object",
	"additionalProperties": false,
	"properties": {
		"GlDtls": {
			"type": "array",
			"title": "GL DETAILS",
			"minItems": 0,
			"maxItems": 999999,
			"items": {
				"type": "object",
				"additionalProperties": false,
				"properties": {
					"JrnId": {
						"$ref": "#/definitions/domains/TypId100",
						"title": "Journal ID"
					},
					"JrnNr": {
						"$ref": "#/definitions/domains/TypId100",
						"title": "Journal Number"
					},
					"GlAcntNr": {
						"$ref": "#/definitions/domains/TypGlAcntNr100",
						"title": "GL Account Number"
					},
					"FiscYr": {
						"$ref": "#/definitions/domains/TypYrId",
						"title": "Fiscal Year"
					},
					"AcntingPer": {
						"$ref": "#/definitions/domains/TypPerId",
						"title": "Accounting Period"
					},
					"EffectiveDt": {
						"$ref": "#/definitions/domains/TypDt",
						"title": "Effective Date"
					},
					"JrnLnNr": {
						"$ref": "#/definitions/domains/TypText100",
						"title": "Journal Line Number"
					},
					"JeTypCd": {
						"$ref": "#/definitions/domains/TypId60",
						"title": "JE Type Code"
					},
					"JeHdrDscr": {
						"$ref": "#/definitions/domains/TypText1000",
						"title": "JE Header Description"
					},
					"JeLnDscr": {
						"$ref": "#/definitions/domains/TypText1000",
						"title": "JE Line Description"
					},
					"SrcCd": {
						"$ref": "#/definitions/domains/TypId25",
						"title": "Source Code"
					},
					"BillNr": {
						"$ref": "#/definitions/domains/TypText100",
						"title": "Bill Number"
					},
					"BillTypCd": {
						"$ref": "#/definitions/domains/TypId60",
						"title": "Bill Type Code"
					},
					"BillDt": {
						"$ref": "#/definitions/domains/TypDt",
						"title": "Bill Date"
					},
					"Qt": {
						"$ref": "#/definitions/domains/TypQt",
						"title": "Quantity"
					},
					"UomCd": {
						"$ref": "#/definitions/domains/TypMeaUnitCd",
						"title": "UOM Code"
					},
					"UnitPrice": {
						"$ref": "#/definitions/domains/TypAmt8",
						"title": "Unit Price"
					},
					"SetlMthdCd": {
						"$ref": "#/definitions/domains/TypId60",
						"title": "Settlement Method Code"
					},
					"CrDbInd": {
						"$ref": "#/definitions/domains/TypCrDbCd",
						"title": "Credit Debit Indicator"
					},
					"RevInd": {
						"$ref": "#/definitions/domains/TypRevIndCd",
						"title": "Reversal Indicator"
					},
					"RevJrnId": {
						"$ref": "#/definitions/domains/TypId100",
						"title": "Reversal Journal ID"
					},
					"CnclSign": {
						"$ref": "#/definitions/domains/TypBoolean",
						"title": "Cancellation Sign"
					},
					"AcntSgEmp": {
						"$ref": "#/definitions/domains/TypId60",
						"title": "Account Segment Employee"
					},
					"AcntSgProj": {
						"$ref": "#/definitions/domains/TypId60",
						"title": "Account Segment Project"
					},
					"AcntSgBankAcnt": {
						"$ref": "#/definitions/domains/TypId60",
						"title": "Account Segment Bank Account"
					},
					"TrAmt": {
						"type": "object",
						"additionalProperties": false,
						"properties": {
							"FuncAmt": {
								"$ref": "#/definitions/domains/TypAmt",
								"title": "Functional Amount"
							},
							"FuncCurCd": {
								"$ref": "#/definitions/domains/TypCurCd",
								"title": "Functional Currency Code"
							},
							"TrAmt": {
								"$ref": "#/definitions/domains/TypAmt",
								"title": "Transaction Amount"
							},
							"TrCurCd": {
								"$ref": "#/definitions/domains/TypCurCd",
								"title": "Transaction Currency Code"
							},
							"RprtAmt": {
								"$ref": "#/definitions/domains/TypAmt",
								"title": "Reporting Amount"
							},
							"RprtCurCd": {
								"$ref": "#/definitions/domains/TypCurCd",
								"title": "Reporting Currency Code"
							},
							"LocAmt": {
								"$ref": "#/definitions/domains/TypAmt",
								"title": "Local Amount"
							},
							"LocCurCd": {
								"$ref": "#/definitions/domains/TypCurCd",
								"title": "Local Currency Code"
							}
						},
						"required": [ ]
					},
					"Crea": {
						"type": "object",
						"additionalProperties": false,
						"properties": {
							"UserId": {
								"$ref": "#/definitions/domains/TypId25",
								"title": "User ID"
							},
							"Dt": {
								"$ref": "#/definitions/domains/TypDt",
								"title": "Date"
							},
							"Tm": {
								"$ref": "#/definitions/domains/TypTm",
								"title": "Time"
							}
						},
						"required": [ ]
					},
					"Aprv": {
						"type": "object",
						"additionalProperties": false,
						"properties": {
							"UserId": {
								"$ref": "#/definitions/domains/TypId25",
								"title": "User ID"
							},
							"Dt": {
								"$ref": "#/definitions/domains/TypDt",
								"title": "Date"
							}
						},
						"required": [ ]
					},
					"Posted": {
						"type": "object",
						"additionalProperties": false,
						"properties": {
							"UserId": {
								"$ref": "#/definitions/domains/TypId25",
								"title": "User ID"
							}
						},
						"required": [ ]
					},
					"AcntSg": {
						"type": "array",
						"title": "gl details - ACCOUNT SEGMENT",
						"minItems": 0,
						"maxItems": 999999,
						"items": {
							"type": "object",
							"additionalProperties": false,
							"properties": {
								"AcntSgNr": {
									"$ref": "#/definitions/domains/TypText60",
									"title": "Account Segment Number"
								},
								"AcntSgCd": {
									"$ref": "#/definitions/domains/TypText60",
									"title": "Account Segment Code"
								}
							},
							"required": [ ]
						}
					},
					"BusSg": {
						"type": "array",
						"title": "gl details - BUSINESS SEGMENT",
						"minItems": 0,
						"maxItems": 999999,
						"items": {
							"type": "object",
							"additionalProperties": false,
							"properties": {
								"BusSgCd": {
									"$ref": "#/definitions/domains/TypId25",
									"title": "Business Segment Code"
								}
							},
							"required": [ ]
						}
					}
				},
				"required": [ "JrnId" ]
			}
		}
	},
	"required": [ ],
	"definitions": {
		"domains": {
			"TypAmt": {
				"type": "number", 
				"multipleOf": 0.0001,
				"title": "AMOUNT"
			},
			"TypAmt8": {
				"type": "number", 
				"multipleOf": 0.00000001,
				"title": "AMOUNT8"
			},
			"TypBoolean": {
				"type": "boolean", 
				"title": "BOOLEAN"
			},
			"TypCrDbCd": {
				"type": "string", 
				"maxLength": 1,
				"enum": [
					"C",
					"D"
				],
				"enum_title": [
					"credit",
					"debit"
				],
				"title": "CREDIT DEBIT CODE"
			},
			"TypCurCd": {
				"type": "string", 
				"minLength": 3,
				"maxLength": 3,
				"title": "CURRENCY CODE"
			},
			"TypDt": {
				"type": "string", 
				"minLength": 10,
				"maxLength": 10,
				"pattern": "^\\d{4}-(0[1-9]|1[0-2])-(0[1-9]|[1-2]\\d|3[0-1])$",
				"title": "DATE (CCYY-MM-DD)"
			},
			"TypGlAcntNr100": {
				"type": "string", 
				"maxLength": 100,
				"title": "GL ACCOUNT NUMBER 100"
			},
			"TypId100": {
				"type": "string", 
				"maxLength": 100,
				"title": "IDENTIFIER 100"
			},
			"TypId25": {
				"type": "string", 
				"maxLength": 25,
				"title": "IDENTIFIER 25"
			},
			"TypId60": {
				"type": "string", 
				"maxLength": 60,
				"title": "IDENTIFIER 60"
			},
			"TypMeaUnitCd": {
				"type": "string", 
				"maxLength": 80,
				"title": "MEASUREMENT UNIT CODE"
			},
			"TypPerId": {
				"type": "string", 
				"maxLength": 15,
				"title": "PERIOD IDENTIFIER"
			},
			"TypQt": {
				"type": "number", 
				"multipleOf": 0.0001,
				"title": "QUANTITY"
			},
			"TypRevIndCd": {
				"type": "string", 
				"maxLength": 1,
				"title": "REVERSAL INDICATOR CODE"
			},
			"TypText100": {
				"type": "string", 
				"maxLength": 100,
				"title": "TEXT 100"
			},
			"TypText1000": {
				"type": "string", 
				"maxLength": 1000,
				"title": "TEXT 1000"
			},
			"TypText60": {
				"type": "string", 
				"maxLength": 60,
				"title": "TEXT 60"
			},
			"TypTm": {
				"type": "string", 
				"maxLength": 8,
				"title": "TIME"
			},
			"TypYrId": {
				"type": "integer", 
				"title": "YEAR IDENTIFIER"
			}
		}
	}
}