{
	"$schema": "http://json-schema.org/draft-06/schema#",
	"$id": "http://schemas.iso.org/AdcsML/Messages/AdcInvProductType_jsd6-v1",
	"description": "JSON Definition of message hierarchy: ADC INV Product Type v1.0",
	"modelRef": [
		"Message:             ADC INV Product Type v1.0",
		"Message Rev.:        4",
		"Transaction:         AA - Audit Data Collection",
		"Transaction Rev.:    278 - Audit Data Collection",
		"Datamodel:           Audit Data Collection Datamodel, version HEAD",
		"Datamodel Rev.:      379",
		"XML tagset used:     AdcsML",
		"Generated at:        08-06-2021 19:07:46",
		"Generated using:     EC-Design 2.5.0 (http://www.ec-design.nl)",
		"Generated by:        Jan Vrijenhoek (Digitect)",
		"Organisation:        Digitect B.V. (Digitect)",
		"NOTE:    This schema was generated automatically: manual modifications will be lost",
		"NOTE:    Additional rules/conditions regarding the definition may exist, see functional hierarchical specification"
	],
	"type": "object",
	"additionalProperties": false,
	"properties": {
		"InvPrdctTyp": {
			"type": "array",
			"title": "INV PRODUCT TYPE",
			"minItems": 0,
			"maxItems": 999999,
			"items": {
				"type": "object",
				"additionalProperties": false,
				"properties": {
					"InvPrdctTypId": {
						"$ref": "#/definitions/domains/TypId60",
						"title": "Inventory Product Type ID"
					},
					"InvPrdctTypCd": {
						"$ref": "#/definitions/domains/TypInvPrdctTypCd",
						"title": "Inventory Product Type Code"
					},
					"InvPrdctTypNm": {
						"$ref": "#/definitions/domains/TypText100",
						"title": "Inventory Product Type Name"
					},
					"InvPrdctTypDscr": {
						"$ref": "#/definitions/domains/TypText1000",
						"title": "INV Product Type Description"
					},
					"ParInvPrdctTypId": {
						"$ref": "#/definitions/domains/TypId60",
						"title": "Parent INV Product Type ID"
					},
					"BusSg": {
						"type": "array",
						"title": "inv product type - BUSINESS SEGMENT",
						"minItems": 0,
						"maxItems": 999999,
						"items": {
							"type": "object",
							"additionalProperties": false,
							"properties": {
								"BusSgCd": {
									"$ref": "#/definitions/domains/TypId25",
									"title": "Business Segment Code"
								}
							},
							"required": [ ]
						}
					}
				},
				"required": [ "InvPrdctTypId" ]
			}
		}
	},
	"required": [ ],
	"definitions": {
		"domains": {
			"TypId25": {
				"type": "string", 
				"maxLength": 25,
				"title": "IDENTIFIER 25"
			},
			"TypId60": {
				"type": "string", 
				"maxLength": 60,
				"title": "IDENTIFIER 60"
			},
			"TypInvPrdctTypCd": {
				"type": "string", 
				"maxLength": 80,
				"title": "INVENTORY PRODUCT TYPE CODE"
			},
			"TypText100": {
				"type": "string", 
				"maxLength": 100,
				"title": "TEXT 100"
			},
			"TypText1000": {
				"type": "string", 
				"maxLength": 1000,
				"title": "TEXT 1000"
			}
		}
	}
}