{
	"InvPhysInv": [ {
		"InvCountShtId": "CS001",
		"InvCountShtNr": "1234",
		"InvCountShtLnId": "1",
		"InvCountShtLnNr": "1",
		"InvPrdctId": "PRD001",
		"LctId": "L001",
		"InvOrgCd": "BS001",
		"LotNr": "LOT1",
		"SerialNr": "SERIAL1",
		"BinId": "BIN1234",
		"CountDt": "2020-02-15",
		"InvStckUomCd": "KG",
		"SystQt": 100.0000,
		"PhisicalCountQt": 100.0000,
		"Comment": "Stored sand.",
		"Posted": {
			"UserId": "JD",
			"Dt": "2020-03-02",
			"Tm": "09:31"
		},
		"Crea": {
			"UserId": "JD",
			"Dt": "2020-03-02",
			"Tm": "09:31"
		},
		"Aprv": {
			"UserId": "JD",
			"Dt": "2020-03-02",
			"Tm": "09:31"
		},
		"LstMdf": {
			"UserId": "JD",
			"Dt": "2020-03-02",
			"Tm": "09:31"
		},
		"BusSg": [ {
			"BusSgCd": "BS001"
		} ]
	} ]
}