{
	"$schema": "http://json-schema.org/draft-06/schema#",
	"$id": "http://schemas.iso.org/AdcsML/Messages/AdcInvLocation_jsd6-v1",
	"description": "JSON Definition of message hierarchy: ADC INV Location v1.0",
	"modelRef": [
		"Message:             ADC INV Location v1.0",
		"Message Rev.:        4",
		"Transaction:         AA - Audit Data Collection",
		"Transaction Rev.:    278 - Audit Data Collection",
		"Datamodel:           Audit Data Collection Datamodel, version HEAD",
		"Datamodel Rev.:      379",
		"XML tagset used:     AdcsML",
		"Generated at:        08-06-2021 19:07:45",
		"Generated using:     EC-Design 2.5.0 (http://www.ec-design.nl)",
		"Generated by:        Jan Vrijenhoek (Digitect)",
		"Organisation:        Digitect B.V. (Digitect)",
		"NOTE:    This schema was generated automatically: manual modifications will be lost",
		"NOTE:    Additional rules/conditions regarding the definition may exist, see functional hierarchical specification"
	],
	"type": "object",
	"additionalProperties": false,
	"properties": {
		"InvLct": {
			"type": "array",
			"title": "INV LOCATION",
			"minItems": 0,
			"maxItems": 999999,
			"items": {
				"type": "object",
				"additionalProperties": false,
				"properties": {
					"LctId": {
						"$ref": "#/definitions/domains/TypId75",
						"title": "Location ID"
					},
					"LctCd": {
						"$ref": "#/definitions/domains/TypText80",
						"title": "Location Code"
					},
					"ParLctId": {
						"$ref": "#/definitions/domains/TypId75",
						"title": "Parent Location ID"
					},
					"LctDscr": {
						"$ref": "#/definitions/domains/TypText1000",
						"title": "Location Description"
					},
					"LctTyp": {
						"$ref": "#/definitions/domains/TypText12",
						"title": "Location Type"
					},
					"InvOrgCd": {
						"$ref": "#/definitions/domains/TypId25",
						"title": "Inventory Organization Code"
					},
					"LctActiveFlag": {
						"$ref": "#/definitions/domains/TypBoolean",
						"title": "Location Active Flag"
					},
					"PhysAdr": {
						"type": "object",
						"additionalProperties": false,
						"properties": {
							"StreetAdr1": {
								"$ref": "#/definitions/domains/TypText100",
								"title": "Street Address1"
							},
							"StreetAdr2": {
								"$ref": "#/definitions/domains/TypText100",
								"title": "Street Address2"
							},
							"CityNm": {
								"$ref": "#/definitions/domains/TypCityNm",
								"title": "City Name"
							},
							"StatePrvncCd": {
								"$ref": "#/definitions/domains/TypStatePrvncCd",
								"title": "State Province Code"
							},
							"PostalCd": {
								"$ref": "#/definitions/domains/TypPostalCd",
								"title": "Postal Code"
							},
							"CntryCd": {
								"$ref": "#/definitions/domains/TypCntryCd",
								"title": "Country Code"
							}
						},
						"required": [ ]
					},
					"BusSg": {
						"type": "array",
						"title": "inv location - BUSINESS SEGMENT",
						"minItems": 0,
						"maxItems": 999999,
						"items": {
							"type": "object",
							"additionalProperties": false,
							"properties": {
								"BusSgCd": {
									"$ref": "#/definitions/domains/TypId25",
									"title": "Business Segment Code"
								}
							},
							"required": [ ]
						}
					}
				},
				"required": [ "LctId" ]
			}
		}
	},
	"required": [ ],
	"definitions": {
		"domains": {
			"TypBoolean": {
				"type": "boolean", 
				"title": "BOOLEAN"
			},
			"TypCityNm": {
				"type": "string", 
				"maxLength": 100,
				"title": "CITY NAME"
			},
			"TypCntryCd": {
				"type": "string", 
				"minLength": 2,
				"maxLength": 3,
				"title": "COUNTRY CODE"
			},
			"TypId25": {
				"type": "string", 
				"maxLength": 25,
				"title": "IDENTIFIER 25"
			},
			"TypId75": {
				"type": "string", 
				"maxLength": 75,
				"title": "IDENTIFIER 75"
			},
			"TypPostalCd": {
				"type": "string", 
				"maxLength": 20,
				"title": "POSTAL CODE"
			},
			"TypStatePrvncCd": {
				"type": "string", 
				"maxLength": 6,
				"title": "STATE PROVINCE CODE"
			},
			"TypText100": {
				"type": "string", 
				"maxLength": 100,
				"title": "TEXT 100"
			},
			"TypText1000": {
				"type": "string", 
				"maxLength": 1000,
				"title": "TEXT 1000"
			},
			"TypText12": {
				"type": "string", 
				"maxLength": 12,
				"title": "TEXT 12"
			},
			"TypText80": {
				"type": "string", 
				"maxLength": 80,
				"title": "TEXT 80"
			}
		}
	}
}