{
	"InvPrdct": [ {
		"InvPrdctId": "PRD001",
		"InvPrdctCd": "123456789",
		"InvPrdctTypId": "PRDT1",
		"PrdctGroup1": "Raw materials",
		"PrdctGroup2": "Sand and stones",
		"InvBarCd": "ABC-abc-1234",
		"PreferredSuplId": "S00001",
		"BasicUomCd": "KG",
		"DftCstngMthd": "LIFO",
		"DftStckUomCd": "KG",
		"GlAssetAcntNr": "ACC1234567890",
		"GlCostAcntNr": "ACC1234567890",
		"OutOfSrvcDt": "2025-02-01",
		"OutOfSrvcFlag": false,
		"LotNr": "LOT1",
		"SerialNr": "SERIAL1",
		"BusSg": [ {
			"BusSgCd": "BS001"
		} ]
	} ]
}