{
	"InvOnHand": [ {
		"InvId": "INV1",
		"InvPrdctId": "PRD001",
		"LotNr": "LOT1",
		"SerialNr": "SERIAL1",
		"InvAbcCd": "A",
		"LctId": "L001",
		"InvAsOfDt": "2020-02-15",
		"InvPurYrtodtQt": 100.0000,
		"InvSoldYrtodtQt": 100.0000,
		"InvOrgCd": "BS001",
		"CostOrgCd": "BS001",
		"InvCstngUomCd": "KG",
		"InvPrchsngUomCd": "KG",
		"InvSellingUomCd": "KG",
		"InvStckUomCd": "KG",
		"Qt": 100.0000,
		"SystQt": 100.0000,
		"PhysCountQt": 100.0000,
		"LstCountDt": "2020-02-15",
		"InvListPrice": 80.0000,
		"InvCost": 70.0000,
		"InvCostMthd": "LIFO",
		"AverageCost": 80.0000,
		"StdCost": 80.0000,
		"SpecificCost": 80.0000,
		"FuncCurCd": "USD",
		"BinId": "BIN1234",
		"BinLct": "1-ZONE2-AREA3-ROW1-BIN3",
		"BusSg": [ {
			"BusSgCd": "BS001"
		} ]
	} ]
}