{
	"$schema": "http://json-schema.org/draft-06/schema#",
	"$id": "http://schemas.iso.org/AdcsML/Messages/AdcPpeRemoval_jsd6-v1",
	"description": "JSON Definition of message hierarchy: ADC PPE Removal v1.0",
	"modelRef": [
		"Message:             ADC PPE Removal v1.0",
		"Message Rev.:        4",
		"Transaction:         AA - Audit Data Collection",
		"Transaction Rev.:    278 - Audit Data Collection",
		"Datamodel:           Audit Data Collection Datamodel, version HEAD",
		"Datamodel Rev.:      379",
		"XML tagset used:     AdcsML",
		"Generated at:        08-06-2021 19:10:26",
		"Generated using:     EC-Design 2.5.0 (http://www.ec-design.nl)",
		"Generated by:        Jan Vrijenhoek (Digitect)",
		"Organisation:        Digitect B.V. (Digitect)",
		"NOTE:    This schema was generated automatically: manual modifications will be lost",
		"NOTE:    Additional rules/conditions regarding the definition may exist, see functional hierarchical specification"
	],
	"type": "object",
	"additionalProperties": false,
	"properties": {
		"PpeRmv": {
			"type": "array",
			"title": "PPE REMOVAL",
			"minItems": 0,
			"maxItems": 999999,
			"items": {
				"type": "object",
				"additionalProperties": false,
				"properties": {
					"RmvId": {
						"$ref": "#/definitions/domains/TypId60",
						"title": "Removal ID"
					},
					"PpeId": {
						"$ref": "#/definitions/domains/TypId100",
						"title": "PPE ID"
					},
					"FiscYr": {
						"$ref": "#/definitions/domains/TypYrId",
						"title": "Fiscal Year"
					},
					"AcntingPer": {
						"$ref": "#/definitions/domains/TypPerId",
						"title": "Accounting Period"
					},
					"TagNr": {
						"$ref": "#/definitions/domains/TypText60",
						"title": "Tag Number"
					},
					"RmvTypNm": {
						"$ref": "#/definitions/domains/TypText60",
						"title": "Removal Type Name"
					},
					"RmvDt": {
						"$ref": "#/definitions/domains/TypDt",
						"title": "Removal Date"
					},
					"RmvReason": {
						"$ref": "#/definitions/domains/TypText200",
						"title": "Removal Reason"
					},
					"RmvQt": {
						"$ref": "#/definitions/domains/TypQt",
						"title": "Removal Quantity"
					},
					"RmvOriginalCost": {
						"$ref": "#/definitions/domains/TypAmt",
						"title": "Removal Original Cost"
					},
					"RmvAccumDepre": {
						"$ref": "#/definitions/domains/TypAmt",
						"title": "Removal Accumulated Depreciation"
					},
					"RmvImprProv": {
						"$ref": "#/definitions/domains/TypAmt",
						"title": "Removal Impairment Provision"
					},
					"RmvResiValue": {
						"$ref": "#/definitions/domains/TypAmt",
						"title": "Removal Residual Value"
					},
					"RmvCashPrcdsAmt": {
						"$ref": "#/definitions/domains/TypAmt",
						"title": "Removal Cash Proceeds Amount"
					},
					"RmvNonCashPrcdsAmt": {
						"$ref": "#/definitions/domains/TypAmt",
						"title": "Removal Non Cash Proceeds Amount"
					},
					"RmvExpns": {
						"$ref": "#/definitions/domains/TypAmt",
						"title": "Removal Expense"
					},
					"UnrlzdGainLossAmt": {
						"$ref": "#/definitions/domains/TypAmt",
						"title": "Unrealized Gain Loss Amount"
					},
					"RlzdGainLossAmt": {
						"$ref": "#/definitions/domains/TypAmt",
						"title": "Realized Gain Loss Amount"
					},
					"FuncCurCd": {
						"$ref": "#/definitions/domains/TypCurCd",
						"title": "Functional Currency Code"
					},
					"UnrlzdGainLossAccNum": {
						"$ref": "#/definitions/domains/TypGlAcntNr100",
						"title": "Unrealized Gain Loss ACC NUM"
					},
					"RlzdGainLossAcntNum": {
						"$ref": "#/definitions/domains/TypGlAcntNr100",
						"title": "Realized Gain Loss Account NUM"
					},
					"Crea": {
						"type": "object",
						"additionalProperties": false,
						"properties": {
							"UserId": {
								"$ref": "#/definitions/domains/TypId25",
								"title": "User ID"
							},
							"Dt": {
								"$ref": "#/definitions/domains/TypDt",
								"title": "Date"
							},
							"Tm": {
								"$ref": "#/definitions/domains/TypTm",
								"title": "Time"
							}
						},
						"required": [ "UserId" ]
					},
					"Aprv": {
						"type": "object",
						"additionalProperties": false,
						"properties": {
							"UserId": {
								"$ref": "#/definitions/domains/TypId25",
								"title": "User ID"
							},
							"Dt": {
								"$ref": "#/definitions/domains/TypDt",
								"title": "Date"
							},
							"Tm": {
								"$ref": "#/definitions/domains/TypTm",
								"title": "Time"
							}
						},
						"required": [ ]
					},
					"LstMdf": {
						"type": "object",
						"additionalProperties": false,
						"properties": {
							"UserId": {
								"$ref": "#/definitions/domains/TypId25",
								"title": "User ID"
							},
							"Dt": {
								"$ref": "#/definitions/domains/TypDt",
								"title": "Date"
							},
							"Tm": {
								"$ref": "#/definitions/domains/TypTm",
								"title": "Time"
							}
						},
						"required": [ ]
					},
					"BusSg": {
						"type": "array",
						"title": "ppe removal - BUSINESS SEGMENT",
						"minItems": 0,
						"maxItems": 999999,
						"items": {
							"type": "object",
							"additionalProperties": false,
							"properties": {
								"BusSgCd": {
									"$ref": "#/definitions/domains/TypId25",
									"title": "Business Segment Code"
								}
							},
							"required": [ ]
						}
					}
				},
				"required": [ "RmvId", "PpeId" ]
			}
		}
	},
	"required": [ ],
	"definitions": {
		"domains": {
			"TypAmt": {
				"type": "number", 
				"multipleOf": 0.0001,
				"title": "AMOUNT"
			},
			"TypCurCd": {
				"type": "string", 
				"minLength": 3,
				"maxLength": 3,
				"title": "CURRENCY CODE"
			},
			"TypDt": {
				"type": "string", 
				"minLength": 10,
				"maxLength": 10,
				"pattern": "^\\d{4}-(0[1-9]|1[0-2])-(0[1-9]|[1-2]\\d|3[0-1])$",
				"title": "DATE (CCYY-MM-DD)"
			},
			"TypGlAcntNr100": {
				"type": "string", 
				"maxLength": 100,
				"title": "GL ACCOUNT NUMBER 100"
			},
			"TypId100": {
				"type": "string", 
				"maxLength": 100,
				"title": "IDENTIFIER 100"
			},
			"TypId25": {
				"type": "string", 
				"maxLength": 25,
				"title": "IDENTIFIER 25"
			},
			"TypId60": {
				"type": "string", 
				"maxLength": 60,
				"title": "IDENTIFIER 60"
			},
			"TypPerId": {
				"type": "string", 
				"maxLength": 15,
				"title": "PERIOD IDENTIFIER"
			},
			"TypQt": {
				"type": "number", 
				"multipleOf": 0.0001,
				"title": "QUANTITY"
			},
			"TypText200": {
				"type": "string", 
				"maxLength": 200,
				"title": "TEXT 200"
			},
			"TypText60": {
				"type": "string", 
				"maxLength": 60,
				"title": "TEXT 60"
			},
			"TypTm": {
				"type": "string", 
				"maxLength": 8,
				"title": "TIME"
			},
			"TypYrId": {
				"type": "integer", 
				"title": "YEAR IDENTIFIER"
			}
		}
	}
}