{
	"PpeMaster": [ {
		"PpeId": "PPE001",
		"PpeCd": "123456789",
		"TagNr": "PPE001",
		"TypCd": "TYP001",
		"PpeNm": "HP Probook",
		"PpeFeature": "Laptop",
		"BarCd": "ABC-abc-1234",
		"PurOrdId": "ORD001",
		"InvPrdctId": "PRD001",
		"SerialNr": "SERIAL1",
		"LotNr": "LOT1",
		"Manufacturer": "HP",
		"SuplAcntId": "S00002",
		"LctDscr": "Sales and purchase department.",
		"ConditionNm": "IN-USE",
		"AcqDt": "2016-01-05",
		"PostedDt": "2016-01-15",
		"PlacedIntoSrvcDt": "2016-02-01",
		"QtOnHand": 1.0000,
		"UomCd": "KG",
		"UsefulLife": 60,
		"UsefulLifeRmng": 10,
		"OriginalCost": 1600.0000,
		"ResiValue": 100.0000,
		"AccumDepre": 1500.0000,
		"ImprProv": 1500.0000,
		"NetBookValue": 100.0000,
		"RplcCost": 700.0000,
		"FairValue": 100.0000,
		"FuncCurCd": "USD",
		"PpeAcntNr": "ACC123456789",
		"ImprProvAccNum": "ACC123456789",
		"AccumDepreAccNum": "ACC123456789",
		"Crea": {
			"UserId": "JD",
			"Dt": "2020-03-02",
			"Tm": "09:31"
		},
		"Aprv": {
			"UserId": "JD",
			"Dt": "2020-03-02",
			"Tm": "09:31"
		},
		"LstMdf": {
			"UserId": "JD",
			"Dt": "2020-03-02",
			"Tm": "09:31"
		},
		"BusSg": [ {
			"BusSgCd": "BS001"
		} ]
	} ]
}