{
	"$schema": "http://json-schema.org/draft-06/schema#",
	"$id": "http://schemas.iso.org/AdcsML/Messages/AdcPpeDepreciation_jsd6-v1",
	"description": "JSON Definition of message hierarchy: ADC PPE Depreciation v1.0",
	"modelRef": [
		"Message:             ADC PPE Depreciation v1.0",
		"Message Rev.:        5",
		"Transaction:         AA - Audit Data Collection",
		"Transaction Rev.:    278 - Audit Data Collection",
		"Datamodel:           Audit Data Collection Datamodel, version HEAD",
		"Datamodel Rev.:      379",
		"XML tagset used:     AdcsML",
		"Generated at:        08-06-2021 19:10:28",
		"Generated using:     EC-Design 2.5.0 (http://www.ec-design.nl)",
		"Generated by:        Jan Vrijenhoek (Digitect)",
		"Organisation:        Digitect B.V. (Digitect)",
		"NOTE:    This schema was generated automatically: manual modifications will be lost",
		"NOTE:    Additional rules/conditions regarding the definition may exist, see functional hierarchical specification"
	],
	"type": "object",
	"additionalProperties": false,
	"properties": {
		"PpeDepre": {
			"type": "array",
			"title": "PPE DEPRECIATION",
			"minItems": 0,
			"maxItems": 999999,
			"items": {
				"type": "object",
				"additionalProperties": false,
				"properties": {
					"PpeId": {
						"$ref": "#/definitions/domains/TypId100",
						"title": "PPE ID"
					},
					"FiscYr": {
						"$ref": "#/definitions/domains/TypYrId",
						"title": "Fiscal Year"
					},
					"AcntingPer": {
						"$ref": "#/definitions/domains/TypPerId",
						"title": "Accounting Period"
					},
					"DepreMthdId": {
						"$ref": "#/definitions/domains/TypId60",
						"title": "Depreciation Method ID"
					},
					"UsefulLife": {
						"$ref": "#/definitions/domains/TypNr4",
						"title": "Useful Life"
					},
					"UsefulLifeRmng": {
						"$ref": "#/definitions/domains/TypNr4",
						"title": "Useful Life Remaining"
					},
					"OriginalCost": {
						"$ref": "#/definitions/domains/TypAmt",
						"title": "Original Cost"
					},
					"ResiValue": {
						"$ref": "#/definitions/domains/TypAmt",
						"title": "Residual Value"
					},
					"DprcblBasis": {
						"$ref": "#/definitions/domains/TypAmt",
						"title": "Depreciable Basis"
					},
					"DepreAmt": {
						"$ref": "#/definitions/domains/TypAmt",
						"title": "Depreciation Amount"
					},
					"AccumDepre": {
						"$ref": "#/definitions/domains/TypAmt",
						"title": "Accumulated Depreciation"
					},
					"CarryingAmt": {
						"$ref": "#/definitions/domains/TypAmt",
						"title": "Carrying Amount"
					},
					"DepreAcntNr": {
						"$ref": "#/definitions/domains/TypGlAcntNr100",
						"title": "Depreciation Account Number"
					},
					"AccumDepreAccNum": {
						"$ref": "#/definitions/domains/TypGlAcntNr100",
						"title": "Accumulated Depreciation ACC NUM"
					},
					"Crea": {
						"type": "object",
						"additionalProperties": false,
						"properties": {
							"UserId": {
								"$ref": "#/definitions/domains/TypId25",
								"title": "User ID"
							},
							"Dt": {
								"$ref": "#/definitions/domains/TypDt",
								"title": "Date"
							},
							"Tm": {
								"$ref": "#/definitions/domains/TypTm",
								"title": "Time"
							}
						},
						"required": [ ]
					},
					"Aprv": {
						"type": "object",
						"additionalProperties": false,
						"properties": {
							"UserId": {
								"$ref": "#/definitions/domains/TypId25",
								"title": "User ID"
							},
							"Dt": {
								"$ref": "#/definitions/domains/TypDt",
								"title": "Date"
							},
							"Tm": {
								"$ref": "#/definitions/domains/TypTm",
								"title": "Time"
							}
						},
						"required": [ ]
					},
					"LstMdf": {
						"type": "object",
						"additionalProperties": false,
						"properties": {
							"UserId": {
								"$ref": "#/definitions/domains/TypId25",
								"title": "User ID"
							},
							"Dt": {
								"$ref": "#/definitions/domains/TypDt",
								"title": "Date"
							},
							"Tm": {
								"$ref": "#/definitions/domains/TypTm",
								"title": "Time"
							}
						},
						"required": [ ]
					},
					"BusSg": {
						"type": "array",
						"title": "ppe depreciation - BUSINESS SEGMENT",
						"minItems": 0,
						"maxItems": 999999,
						"items": {
							"type": "object",
							"additionalProperties": false,
							"properties": {
								"BusSgCd": {
									"$ref": "#/definitions/domains/TypId25",
									"title": "Business Segment Code"
								}
							},
							"required": [ ]
						}
					}
				},
				"required": [ "PpeId" ]
			}
		}
	},
	"required": [ ],
	"definitions": {
		"domains": {
			"TypAmt": {
				"type": "number", 
				"multipleOf": 0.0001,
				"title": "AMOUNT"
			},
			"TypDt": {
				"type": "string", 
				"minLength": 10,
				"maxLength": 10,
				"pattern": "^\\d{4}-(0[1-9]|1[0-2])-(0[1-9]|[1-2]\\d|3[0-1])$",
				"title": "DATE (CCYY-MM-DD)"
			},
			"TypGlAcntNr100": {
				"type": "string", 
				"maxLength": 100,
				"title": "GL ACCOUNT NUMBER 100"
			},
			"TypId100": {
				"type": "string", 
				"maxLength": 100,
				"title": "IDENTIFIER 100"
			},
			"TypId25": {
				"type": "string", 
				"maxLength": 25,
				"title": "IDENTIFIER 25"
			},
			"TypId60": {
				"type": "string", 
				"maxLength": 60,
				"title": "IDENTIFIER 60"
			},
			"TypNr4": {
				"type": "integer", 
				"title": "NUMBER 4"
			},
			"TypPerId": {
				"type": "string", 
				"maxLength": 15,
				"title": "PERIOD IDENTIFIER"
			},
			"TypTm": {
				"type": "string", 
				"maxLength": 8,
				"title": "TIME"
			},
			"TypYrId": {
				"type": "integer", 
				"title": "YEAR IDENTIFIER"
			}
		}
	}
}