{
	"PpeAdd": [ {
		"AddId": "AD001",
		"PpeId": "PPE001",
		"FiscYr": 2020,
		"AcntingPer": "M1",
		"TagNr": "PPE001",
		"AddTypNm": "Purchase",
		"AddDt": "2020-02-15",
		"AddReason": "Replacement",
		"AddQt": 1.0000,
		"OriginalCost": 700.0000,
		"FuncCurCd": "USD",
		"Crea": {
			"UserId": "JD",
			"Dt": "2020-03-02",
			"Tm": "09:31"
		},
		"Aprv": {
			"UserId": "JD",
			"Dt": "2020-03-02",
			"Tm": "09:31"
		},
		"LstMdf": {
			"UserId": "JD",
			"Dt": "2020-03-02",
			"Tm": "09:31"
		},
		"BusSg": [ {
			"BusSgCd": "BS001"
		} ]
	} ]
}