{
	"$schema": "http://json-schema.org/draft-06/schema#",
	"$id": "http://schemas.iso.org/AdcsML/Messages/AdcPpeMaster_jsd6-v1",
	"description": "JSON Definition of message hierarchy: ADC PPE Master v1.0",
	"modelRef": [
		"Message:             ADC PPE Master v1.0",
		"Message Rev.:        5",
		"Transaction:         AA - Audit Data Collection",
		"Transaction Rev.:    278 - Audit Data Collection",
		"Datamodel:           Audit Data Collection Datamodel, version HEAD",
		"Datamodel Rev.:      379",
		"XML tagset used:     AdcsML",
		"Generated at:        08-06-2021 19:10:25",
		"Generated using:     EC-Design 2.5.0 (http://www.ec-design.nl)",
		"Generated by:        Jan Vrijenhoek (Digitect)",
		"Organisation:        Digitect B.V. (Digitect)",
		"NOTE:    This schema was generated automatically: manual modifications will be lost",
		"NOTE:    Additional rules/conditions regarding the definition may exist, see functional hierarchical specification"
	],
	"type": "object",
	"additionalProperties": false,
	"properties": {
		"PpeMaster": {
			"type": "array",
			"title": "PPE MASTER",
			"minItems": 0,
			"maxItems": 999999,
			"items": {
				"type": "object",
				"additionalProperties": false,
				"properties": {
					"PpeId": {
						"$ref": "#/definitions/domains/TypId100",
						"title": "PPE ID"
					},
					"PpeCd": {
						"$ref": "#/definitions/domains/TypText60",
						"title": "PPE Code"
					},
					"TagNr": {
						"$ref": "#/definitions/domains/TypText60",
						"title": "Tag Number"
					},
					"TypCd": {
						"$ref": "#/definitions/domains/TypId60",
						"title": "Type Code"
					},
					"PpeNm": {
						"$ref": "#/definitions/domains/TypText60",
						"title": "PPE Name"
					},
					"PpeFeature": {
						"$ref": "#/definitions/domains/TypText60",
						"title": "PPE Feature"
					},
					"BarCd": {
						"$ref": "#/definitions/domains/TypText25",
						"title": "Bar Code"
					},
					"PurOrdId": {
						"$ref": "#/definitions/domains/TypId100",
						"title": "Purchase Order ID"
					},
					"InvPrdctId": {
						"$ref": "#/definitions/domains/TypId75",
						"title": "Inventory Product ID"
					},
					"SerialNr": {
						"$ref": "#/definitions/domains/TypText60",
						"title": "Serial Number"
					},
					"LotNr": {
						"$ref": "#/definitions/domains/TypText60",
						"title": "Lot Number"
					},
					"Manufacturer": {
						"$ref": "#/definitions/domains/TypText100",
						"title": "Manufacturer"
					},
					"SuplAcntId": {
						"$ref": "#/definitions/domains/TypId100",
						"title": "Supplier Account ID"
					},
					"LctDscr": {
						"$ref": "#/definitions/domains/TypText1000",
						"title": "Location Description"
					},
					"ConditionNm": {
						"$ref": "#/definitions/domains/TypText60",
						"title": "Condition Name"
					},
					"AcqDt": {
						"$ref": "#/definitions/domains/TypDt",
						"title": "Acquisition Date"
					},
					"PostedDt": {
						"$ref": "#/definitions/domains/TypDt",
						"title": "Posted Date"
					},
					"PlacedIntoSrvcDt": {
						"$ref": "#/definitions/domains/TypDt",
						"title": "Placed Into Service Date"
					},
					"QtOnHand": {
						"$ref": "#/definitions/domains/TypQt",
						"title": "Quantity On Hand"
					},
					"UomCd": {
						"$ref": "#/definitions/domains/TypMeaUnitCd",
						"title": "UOM Code"
					},
					"UsefulLife": {
						"$ref": "#/definitions/domains/TypNr4",
						"title": "Useful Life"
					},
					"UsefulLifeRmng": {
						"$ref": "#/definitions/domains/TypNr4",
						"title": "Useful Life Remaining"
					},
					"OriginalCost": {
						"$ref": "#/definitions/domains/TypAmt",
						"title": "Original Cost"
					},
					"ResiValue": {
						"$ref": "#/definitions/domains/TypAmt",
						"title": "Residual Value"
					},
					"AccumDepre": {
						"$ref": "#/definitions/domains/TypAmt",
						"title": "Accumulated Depreciation"
					},
					"ImprProv": {
						"$ref": "#/definitions/domains/TypAmt",
						"title": "Impairment Provision"
					},
					"NetBookValue": {
						"$ref": "#/definitions/domains/TypAmt",
						"title": "Net Book Value"
					},
					"RplcCost": {
						"$ref": "#/definitions/domains/TypAmt",
						"title": "Replacement Cost"
					},
					"FairValue": {
						"$ref": "#/definitions/domains/TypAmt",
						"title": "Fair Value"
					},
					"FuncCurCd": {
						"$ref": "#/definitions/domains/TypCurCd",
						"title": "Functional Currency Code"
					},
					"PpeAcntNr": {
						"$ref": "#/definitions/domains/TypGlAcntNr100",
						"title": "PPE Account Number"
					},
					"ImprProvAccNum": {
						"$ref": "#/definitions/domains/TypGlAcntNr100",
						"title": "Impairment Provision ACC NUM"
					},
					"AccumDepreAccNum": {
						"$ref": "#/definitions/domains/TypGlAcntNr100",
						"title": "Accumulated Depreciation ACC NUM"
					},
					"Crea": {
						"type": "object",
						"additionalProperties": false,
						"properties": {
							"UserId": {
								"$ref": "#/definitions/domains/TypId25",
								"title": "User ID"
							},
							"Dt": {
								"$ref": "#/definitions/domains/TypDt",
								"title": "Date"
							},
							"Tm": {
								"$ref": "#/definitions/domains/TypTm",
								"title": "Time"
							}
						},
						"required": [ ]
					},
					"Aprv": {
						"type": "object",
						"additionalProperties": false,
						"properties": {
							"UserId": {
								"$ref": "#/definitions/domains/TypId25",
								"title": "User ID"
							},
							"Dt": {
								"$ref": "#/definitions/domains/TypDt",
								"title": "Date"
							},
							"Tm": {
								"$ref": "#/definitions/domains/TypTm",
								"title": "Time"
							}
						},
						"required": [ ]
					},
					"LstMdf": {
						"type": "object",
						"additionalProperties": false,
						"properties": {
							"UserId": {
								"$ref": "#/definitions/domains/TypId25",
								"title": "User ID"
							},
							"Dt": {
								"$ref": "#/definitions/domains/TypDt",
								"title": "Date"
							},
							"Tm": {
								"$ref": "#/definitions/domains/TypTm",
								"title": "Time"
							}
						},
						"required": [ ]
					},
					"BusSg": {
						"type": "array",
						"title": "ppe master - BUSINESS SEGMENT",
						"minItems": 0,
						"maxItems": 999999,
						"items": {
							"type": "object",
							"additionalProperties": false,
							"properties": {
								"BusSgCd": {
									"$ref": "#/definitions/domains/TypId25",
									"title": "Business Segment Code"
								}
							},
							"required": [ ]
						}
					}
				},
				"required": [ "PpeId" ]
			}
		}
	},
	"required": [ ],
	"definitions": {
		"domains": {
			"TypAmt": {
				"type": "number", 
				"multipleOf": 0.0001,
				"title": "AMOUNT"
			},
			"TypCurCd": {
				"type": "string", 
				"minLength": 3,
				"maxLength": 3,
				"title": "CURRENCY CODE"
			},
			"TypDt": {
				"type": "string", 
				"minLength": 10,
				"maxLength": 10,
				"pattern": "^\\d{4}-(0[1-9]|1[0-2])-(0[1-9]|[1-2]\\d|3[0-1])$",
				"title": "DATE (CCYY-MM-DD)"
			},
			"TypGlAcntNr100": {
				"type": "string", 
				"maxLength": 100,
				"title": "GL ACCOUNT NUMBER 100"
			},
			"TypId100": {
				"type": "string", 
				"maxLength": 100,
				"title": "IDENTIFIER 100"
			},
			"TypId25": {
				"type": "string", 
				"maxLength": 25,
				"title": "IDENTIFIER 25"
			},
			"TypId60": {
				"type": "string", 
				"maxLength": 60,
				"title": "IDENTIFIER 60"
			},
			"TypId75": {
				"type": "string", 
				"maxLength": 75,
				"title": "IDENTIFIER 75"
			},
			"TypMeaUnitCd": {
				"type": "string", 
				"maxLength": 80,
				"title": "MEASUREMENT UNIT CODE"
			},
			"TypNr4": {
				"type": "integer", 
				"title": "NUMBER 4"
			},
			"TypQt": {
				"type": "number", 
				"multipleOf": 0.0001,
				"title": "QUANTITY"
			},
			"TypText100": {
				"type": "string", 
				"maxLength": 100,
				"title": "TEXT 100"
			},
			"TypText1000": {
				"type": "string", 
				"maxLength": 1000,
				"title": "TEXT 1000"
			},
			"TypText25": {
				"type": "string", 
				"maxLength": 25,
				"title": "TEXT 25"
			},
			"TypText60": {
				"type": "string", 
				"maxLength": 60,
				"title": "TEXT 60"
			},
			"TypTm": {
				"type": "string", 
				"maxLength": 8,
				"title": "TIME"
			}
		}
	}
}