{
	"SalOrd": [ {
		"OrdId": "ORD001",
		"OrdNr": "ORDER1234",
		"FiscYr": 2020,
		"AcntingPer": "M1",
		"OrdTypNm": "Short term delivery.",
		"OrdDt": "2020-02-01",
		"OrgCd": "BS001",
		"SalprsnId": "E001",
		"CustAcntId": "C00001",
		"SetlMthdCd": "SC1",
		"PayTermCd": "PT1",
		"OrdTrAmt": 10000.0000,
		"OrdTrCurCd": "USD",
		"Stat": "NEW",
		"Rmrk": "Rush delivery.",
		"Crea": {
			"UserId": "JD",
			"Dt": "2020-03-02",
			"Tm": "09:31"
		},
		"Aprv": {
			"UserId": "JD",
			"Dt": "2020-03-02",
			"Tm": "09:31"
		},
		"LstMdf": {
			"UserId": "JD",
			"Dt": "2020-03-02",
			"Tm": "09:31"
		},
		"BusSg": [ {
			"BusSgCd": "BS001"
		} ]
	} ]
}