{
	"$schema": "http://json-schema.org/draft-06/schema#",
	"$id": "http://schemas.iso.org/AdcsML/Messages/AdcSalOrdersDetails_jsd6-v1",
	"description": "JSON Definition of message hierarchy: ADC SAL Orders Details v1.0",
	"modelRef": [
		"Message:             ADC SAL Orders Details v1.0",
		"Message Rev.:        7",
		"Transaction:         AA - Audit Data Collection",
		"Transaction Rev.:    278 - Audit Data Collection",
		"Datamodel:           Audit Data Collection Datamodel, version HEAD",
		"Datamodel Rev.:      379",
		"XML tagset used:     AdcsML",
		"Generated at:        08-06-2021 18:59:45",
		"Generated using:     EC-Design 2.5.0 (http://www.ec-design.nl)",
		"Generated by:        Jan Vrijenhoek (Digitect)",
		"Organisation:        Digitect B.V. (Digitect)",
		"NOTE:    This schema was generated automatically: manual modifications will be lost",
		"NOTE:    Additional rules/conditions regarding the definition may exist, see functional hierarchical specification"
	],
	"type": "object",
	"additionalProperties": false,
	"properties": {
		"SalOrdDtls": {
			"type": "array",
			"title": "SAL ORDER DETAILS",
			"minItems": 0,
			"maxItems": 999999,
			"items": {
				"type": "object",
				"additionalProperties": false,
				"properties": {
					"OrdId": {
						"$ref": "#/definitions/domains/TypId100",
						"title": "Order ID"
					},
					"OrdLnId": {
						"$ref": "#/definitions/domains/TypId60",
						"title": "Order Line ID"
					},
					"OrdLnNr": {
						"$ref": "#/definitions/domains/TypText10",
						"title": "Order Line Number"
					},
					"ContrId": {
						"$ref": "#/definitions/domains/TypId60",
						"title": "Contract ID"
					},
					"ContrLnId": {
						"$ref": "#/definitions/domains/TypId60",
						"title": "Contract Line ID"
					},
					"PayerId": {
						"$ref": "#/definitions/domains/TypText60",
						"title": "Payer ID"
					},
					"SetlOrgCd": {
						"$ref": "#/definitions/domains/TypId25",
						"title": "Settlement Organization Code"
					},
					"DispOrgCd": {
						"$ref": "#/definitions/domains/TypId25",
						"title": "Dispatch Organization Code"
					},
					"DueDt": {
						"$ref": "#/definitions/domains/TypDt",
						"title": "Due Date"
					},
					"BasicUomQt": {
						"$ref": "#/definitions/domains/TypQt",
						"title": "Basic UOM Quantity"
					},
					"BasicUomCd": {
						"$ref": "#/definitions/domains/TypMeaUnitCd",
						"title": "Basic UOM Code"
					},
					"OrdLnQt": {
						"$ref": "#/definitions/domains/TypQt",
						"title": "Order Line Quantity"
					},
					"OrdLnUomCd": {
						"$ref": "#/definitions/domains/TypMeaUnitCd",
						"title": "Order Line UOM Code"
					},
					"TaxExclUnitPrice": {
						"$ref": "#/definitions/domains/TypPrice",
						"title": "Tax Exclude Unit Price"
					},
					"TaxInclUnitPrice": {
						"$ref": "#/definitions/domains/TypPrice",
						"title": "Tax Include Unit Price"
					},
					"TaxExclAmt": {
						"$ref": "#/definitions/domains/TypAmt",
						"title": "Tax Exclude Amount"
					},
					"TaxInclAmt": {
						"$ref": "#/definitions/domains/TypAmt",
						"title": "Tax Include Amount"
					},
					"PrdctId": {
						"$ref": "#/definitions/domains/TypId75",
						"title": "Product ID"
					},
					"OrdLnTrAmt": {
						"$ref": "#/definitions/domains/TypAmt",
						"title": "Order Line Transaction Amount"
					},
					"Stat": {
						"$ref": "#/definitions/domains/TypStatCd",
						"title": "Status"
					},
					"Tax": {
						"type": "array",
						"title": "sal order details - TAX",
						"minItems": 0,
						"maxItems": 4,
						"items": {
							"type": "object",
							"additionalProperties": false,
							"properties": {
								"TaxTypCd": {
									"$ref": "#/definitions/domains/TypTaxTypCd",
									"title": "Tax Type Code"
								},
								"TaxTrAmt": {
									"$ref": "#/definitions/domains/TypAmt",
									"title": "Tax Transaction Amount"
								}
							},
							"required": [ ]
						}
					},
					"BusSg": {
						"type": "array",
						"title": "sal order details - BUSINESS SEGMENT",
						"minItems": 0,
						"maxItems": 999999,
						"items": {
							"type": "object",
							"additionalProperties": false,
							"properties": {
								"BusSgCd": {
									"$ref": "#/definitions/domains/TypId25",
									"title": "Business Segment Code"
								}
							},
							"required": [ ]
						}
					}
				},
				"required": [ "OrdId", "OrdLnId" ]
			}
		}
	},
	"required": [ ],
	"definitions": {
		"domains": {
			"TypAmt": {
				"type": "number", 
				"multipleOf": 0.0001,
				"title": "AMOUNT"
			},
			"TypDt": {
				"type": "string", 
				"minLength": 10,
				"maxLength": 10,
				"pattern": "^\\d{4}-(0[1-9]|1[0-2])-(0[1-9]|[1-2]\\d|3[0-1])$",
				"title": "DATE (CCYY-MM-DD)"
			},
			"TypId100": {
				"type": "string", 
				"maxLength": 100,
				"title": "IDENTIFIER 100"
			},
			"TypId25": {
				"type": "string", 
				"maxLength": 25,
				"title": "IDENTIFIER 25"
			},
			"TypId60": {
				"type": "string", 
				"maxLength": 60,
				"title": "IDENTIFIER 60"
			},
			"TypId75": {
				"type": "string", 
				"maxLength": 75,
				"title": "IDENTIFIER 75"
			},
			"TypMeaUnitCd": {
				"type": "string", 
				"maxLength": 80,
				"title": "MEASUREMENT UNIT CODE"
			},
			"TypPrice": {
				"type": "number", 
				"multipleOf": 0.00000001,
				"title": "PRICE"
			},
			"TypQt": {
				"type": "number", 
				"multipleOf": 0.0001,
				"title": "QUANTITY"
			},
			"TypStatCd": {
				"type": "string", 
				"maxLength": 30,
				"title": "STATUS CODE"
			},
			"TypTaxTypCd": {
				"type": "string", 
				"maxLength": 25,
				"title": "TAX TYPE CODE"
			},
			"TypText10": {
				"type": "string", 
				"maxLength": 10,
				"title": "TEXT 10"
			},
			"TypText60": {
				"type": "string", 
				"maxLength": 60,
				"title": "TEXT 60"
			}
		}
	}
}