{
	"$schema": "http://json-schema.org/draft-06/schema#",
	"$id": "http://schemas.iso.org/AdcsML/Messages/AdcSalInvoicesGeneratedDetails_jsd6-v1",
	"description": "JSON Definition of message hierarchy: ADC SAL Invoices Generated Details v1.0",
	"modelRef": [
		"Message:             ADC SAL Invoices Generated Details v1.0",
		"Message Rev.:        6",
		"Transaction:         AA - Audit Data Collection",
		"Transaction Rev.:    278 - Audit Data Collection",
		"Datamodel:           Audit Data Collection Datamodel, version HEAD",
		"Datamodel Rev.:      379",
		"XML tagset used:     AdcsML",
		"Generated at:        08-06-2021 18:59:46",
		"Generated using:     EC-Design 2.5.0 (http://www.ec-design.nl)",
		"Generated by:        Jan Vrijenhoek (Digitect)",
		"Organisation:        Digitect B.V. (Digitect)",
		"NOTE:    This schema was generated automatically: manual modifications will be lost",
		"NOTE:    Additional rules/conditions regarding the definition may exist, see functional hierarchical specification"
	],
	"type": "object",
	"additionalProperties": false,
	"properties": {
		"SalInvoiGenDtls": {
			"type": "array",
			"title": "SAL INVOICE GENERATED DETAILS",
			"minItems": 0,
			"maxItems": 999999,
			"items": {
				"type": "object",
				"additionalProperties": false,
				"properties": {
					"InvoiId": {
						"$ref": "#/definitions/domains/TypId60",
						"title": "Invoice ID"
					},
					"InvoiLnId": {
						"$ref": "#/definitions/domains/TypId60",
						"title": "Invoice Line ID"
					},
					"InvoiLnNr": {
						"$ref": "#/definitions/domains/TypText10",
						"title": "Invoice Line Number"
					},
					"OrdId": {
						"$ref": "#/definitions/domains/TypId100",
						"title": "Order ID"
					},
					"OrdLnId": {
						"$ref": "#/definitions/domains/TypId60",
						"title": "Order Line ID"
					},
					"PrdctId": {
						"$ref": "#/definitions/domains/TypId75",
						"title": "Product ID"
					},
					"BasicUomQt": {
						"$ref": "#/definitions/domains/TypQt",
						"title": "Basic UOM Quantity"
					},
					"BasicUomCd": {
						"$ref": "#/definitions/domains/TypMeaUnitCd",
						"title": "Basic UOM Code"
					},
					"InvoiQt": {
						"$ref": "#/definitions/domains/TypQt",
						"title": "Invoice Quantity"
					},
					"UomCd": {
						"$ref": "#/definitions/domains/TypMeaUnitCd",
						"title": "UOM Code"
					},
					"TaxExclUnitPrice": {
						"$ref": "#/definitions/domains/TypPrice",
						"title": "Tax Exclude Unit Price"
					},
					"TaxInclUnitPrice": {
						"$ref": "#/definitions/domains/TypPrice",
						"title": "Tax Include Unit Price"
					},
					"TaxExclAmt": {
						"$ref": "#/definitions/domains/TypAmt",
						"title": "Tax Exclude Amount"
					},
					"TaxInclAmt": {
						"$ref": "#/definitions/domains/TypAmt",
						"title": "Tax Include Amount"
					},
					"InvoiLnTrAmt": {
						"$ref": "#/definitions/domains/TypAmt",
						"title": "Invoice Line Transaction Amount"
					},
					"GrpCd": {
						"$ref": "#/definitions/domains/TypText100",
						"title": "Grouping Code"
					},
					"GlLnDbAcntNr": {
						"$ref": "#/definitions/domains/TypGlAcntNr100",
						"title": "GL Line Debit Account Number"
					},
					"GlLnCrAcntNr": {
						"$ref": "#/definitions/domains/TypGlAcntNr100",
						"title": "GL Line Credit Account Number"
					},
					"Tax": {
						"type": "array",
						"title": "sal invoice generated details - TAX",
						"minItems": 0,
						"maxItems": 4,
						"items": {
							"type": "object",
							"additionalProperties": false,
							"properties": {
								"TaxTypCd": {
									"$ref": "#/definitions/domains/TypTaxTypCd",
									"title": "Tax Type Code"
								},
								"TaxTrAmt": {
									"$ref": "#/definitions/domains/TypAmt",
									"title": "Tax Transaction Amount"
								},
								"GlTaxDbAcntNr": {
									"$ref": "#/definitions/domains/TypGlAcntNr100",
									"title": "GL Tax Debit Account Number"
								},
								"GlTaxCrAcntNr": {
									"$ref": "#/definitions/domains/TypGlAcntNr100",
									"title": "GL Tax Credit Account Number"
								}
							},
							"required": [ ]
						}
					},
					"BusSg": {
						"type": "array",
						"title": "sal invoice generated details - BUSINESS SEGMENT",
						"minItems": 0,
						"maxItems": 999999,
						"items": {
							"type": "object",
							"additionalProperties": false,
							"properties": {
								"BusSgCd": {
									"$ref": "#/definitions/domains/TypId25",
									"title": "Business Segment Code"
								}
							},
							"required": [ ]
						}
					}
				},
				"required": [ "InvoiId", "InvoiLnId" ]
			}
		}
	},
	"required": [ ],
	"definitions": {
		"domains": {
			"TypAmt": {
				"type": "number", 
				"multipleOf": 0.0001,
				"title": "AMOUNT"
			},
			"TypGlAcntNr100": {
				"type": "string", 
				"maxLength": 100,
				"title": "GL ACCOUNT NUMBER 100"
			},
			"TypId100": {
				"type": "string", 
				"maxLength": 100,
				"title": "IDENTIFIER 100"
			},
			"TypId25": {
				"type": "string", 
				"maxLength": 25,
				"title": "IDENTIFIER 25"
			},
			"TypId60": {
				"type": "string", 
				"maxLength": 60,
				"title": "IDENTIFIER 60"
			},
			"TypId75": {
				"type": "string", 
				"maxLength": 75,
				"title": "IDENTIFIER 75"
			},
			"TypMeaUnitCd": {
				"type": "string", 
				"maxLength": 80,
				"title": "MEASUREMENT UNIT CODE"
			},
			"TypPrice": {
				"type": "number", 
				"multipleOf": 0.00000001,
				"title": "PRICE"
			},
			"TypQt": {
				"type": "number", 
				"multipleOf": 0.0001,
				"title": "QUANTITY"
			},
			"TypTaxTypCd": {
				"type": "string", 
				"maxLength": 25,
				"title": "TAX TYPE CODE"
			},
			"TypText10": {
				"type": "string", 
				"maxLength": 10,
				"title": "TEXT 10"
			},
			"TypText100": {
				"type": "string", 
				"maxLength": 100,
				"title": "TEXT 100"
			}
		}
	}
}