{
	"SalShpMade": [ {
		"ShpId": "SH1234",
		"ShpNr": "123456789",
		"FiscYr": 2020,
		"AcntingPer": "M1",
		"DispOrgCd": "D001",
		"ShpDt": "2020-02-29",
		"ShpRefNr": "123456789",
		"ShpngTrAmt": 10000.0000,
		"ShpngTrCurCd": "USD",
		"ShpMthd": "Air",
		"Shipper": "International Post",
		"AdjInd": "0",
		"AdjDscr": "Final delivery.",
		"CustAcntId": "C00001",
		"SalOrdId": "ORD001",
		"Crea": {
			"UserId": "JD",
			"Dt": "2020-03-02",
			"Tm": "09:31"
		},
		"Aprv": {
			"UserId": "JD",
			"Dt": "2020-03-02",
			"Tm": "09:31"
		},
		"LstMdf": {
			"UserId": "JD",
			"Dt": "2020-03-02",
			"Tm": "09:31"
		},
		"BusSg": [ {
			"BusSgCd": "BS001"
		} ]
	} ]
}