{
	"ApCashApl": [ {
		"ApAplId": "AP1234",
		"FiscYr": 2020,
		"AcntingPer": "M1",
		"ApAplDt": "2020-02-01",
		"SuplAcntId": "S00001",
		"PayId": "PM1234",
		"InvoiId": "I001",
		"SetlMthdCd": "SC1",
		"Rmrk": "Cash settlement",
		"GlDbAcntNr": "ACC123456789",
		"GlCrAcntNr": "ACC123456789",
		"TrAmt": {
			"FuncAmt": 125.1255,
			"FuncCurCd": "USD",
			"TrAmt": 125.1255,
			"TrCurCd": "USD",
			"RprtAmt": 125.1255,
			"RprtCurCd": "USD",
			"LocAmt": 125.1255,
			"LocCurCd": "USD"
		},
		"Crea": {
			"UserId": "JD",
			"Dt": "2020-03-02",
			"Tm": "09:31"
		},
		"Aprv": {
			"UserId": "JD",
			"Dt": "2020-03-02",
			"Tm": "09:31"
		},
		"LstMdf": {
			"UserId": "JD",
			"Dt": "2020-03-02",
			"Tm": "09:31"
		},
		"BusSg": [ {
			"BusSgCd": "BS001"
		} ]
	} ]
}
