{
	"$schema": "http://json-schema.org/draft-06/schema#",
	"$id": "http://schemas.iso.org/AdcsML/Messages/AdcArAdjustmentsDetails_jsd6-v1",
	"description": "JSON Definition of message hierarchy: ADC AR Adjustments Details v1.0",
	"modelRef": [
		"Message:             ADC AR Adjustments Details v1.0",
		"Message Rev.:        6",
		"Transaction:         AA - Audit Data Collection",
		"Transaction Rev.:    278 - Audit Data Collection",
		"Datamodel:           Audit Data Collection Datamodel, version HEAD",
		"Datamodel Rev.:      379",
		"XML tagset used:     AdcsML",
		"Generated at:        08-06-2021 17:21:04",
		"Generated using:     EC-Design 2.5.0 (http://www.ec-design.nl)",
		"Generated by:        Jan Vrijenhoek (Digitect)",
		"Organisation:        Digitect B.V. (Digitect)",
		"NOTE:    This schema was generated automatically: manual modifications will be lost",
		"NOTE:    Additional rules/conditions regarding the definition may exist, see functional hierarchical specification"
	],
	"type": "object",
	"additionalProperties": false,
	"properties": {
		"ArAdjDtls": {
			"type": "array",
			"title": "AR ADJUSTMENT DETAILS",
			"minItems": 0,
			"maxItems": 999999,
			"items": {
				"type": "object",
				"additionalProperties": false,
				"properties": {
					"AdjId": {
						"$ref": "#/definitions/domains/TypId100",
						"title": "Adjustment ID"
					},
					"AdjLnId": {
						"$ref": "#/definitions/domains/TypId60",
						"title": "Adjustment Line ID"
					},
					"AdjLnNr": {
						"$ref": "#/definitions/domains/TypText10",
						"title": "Adjustment Line Number"
					},
					"InvoiId": {
						"$ref": "#/definitions/domains/TypId60",
						"title": "Invoice ID"
					},
					"InvoiLnId": {
						"$ref": "#/definitions/domains/TypId60",
						"title": "Invoice Line ID"
					},
					"JrnId": {
						"$ref": "#/definitions/domains/TypId100",
						"title": "Journal ID"
					},
					"GlDbAcntNr": {
						"$ref": "#/definitions/domains/TypGlAcntNr100",
						"title": "GL Debit Account Number"
					},
					"GlCrAcntNr": {
						"$ref": "#/definitions/domains/TypGlAcntNr100",
						"title": "GL Credit Account Number"
					},
					"TrAmt": {
						"type": "object",
						"additionalProperties": false,
						"properties": {
							"FuncAmt": {
								"$ref": "#/definitions/domains/TypAmt",
								"title": "Functional Amount"
							},
							"FuncCurCd": {
								"$ref": "#/definitions/domains/TypCurCd",
								"title": "Functional Currency Code"
							},
							"TrAmt": {
								"$ref": "#/definitions/domains/TypAmt",
								"title": "Transaction Amount"
							},
							"TrCurCd": {
								"$ref": "#/definitions/domains/TypCurCd",
								"title": "Transaction Currency Code"
							},
							"RprtAmt": {
								"$ref": "#/definitions/domains/TypAmt",
								"title": "Reporting Amount"
							},
							"RprtCurCd": {
								"$ref": "#/definitions/domains/TypCurCd",
								"title": "Reporting Currency Code"
							},
							"LocAmt": {
								"$ref": "#/definitions/domains/TypAmt",
								"title": "Local Amount"
							},
							"LocCurCd": {
								"$ref": "#/definitions/domains/TypCurCd",
								"title": "Local Currency Code"
							}
						},
						"required": [ ]
					},
					"Tax": {
						"type": "array",
						"title": "ar adjustment details - TAX",
						"minItems": 0,
						"maxItems": 4,
						"items": {
							"type": "object",
							"additionalProperties": false,
							"properties": {
								"TaxTypCd": {
									"$ref": "#/definitions/domains/TypTaxTypCd",
									"title": "Tax Type Code"
								},
								"TaxLocAmt": {
									"$ref": "#/definitions/domains/TypAmt",
									"title": "Tax Local Amount"
								},
								"GlTaxDbAcntNr": {
									"$ref": "#/definitions/domains/TypGlAcntNr100",
									"title": "GL Tax Debit Account Number"
								},
								"GlTaxCrAcntNr": {
									"$ref": "#/definitions/domains/TypGlAcntNr100",
									"title": "GL Tax Credit Account Number"
								}
							},
							"required": [ ]
						}
					},
					"BusSg": {
						"type": "array",
						"title": "ar adjustment details - BUSINESS SEGMENT",
						"minItems": 0,
						"maxItems": 999999,
						"items": {
							"type": "object",
							"additionalProperties": false,
							"properties": {
								"BusSgCd": {
									"$ref": "#/definitions/domains/TypId25",
									"title": "Business Segment Code"
								}
							},
							"required": [ ]
						}
					}
				},
				"required": [ "AdjId" ]
			}
		}
	},
	"required": [ ],
	"definitions": {
		"domains": {
			"TypAmt": {
				"type": "number", 
				"multipleOf": 0.0001,
				"title": "AMOUNT"
			},
			"TypCurCd": {
				"type": "string", 
				"minLength": 3,
				"maxLength": 3,
				"title": "CURRENCY CODE"
			},
			"TypGlAcntNr100": {
				"type": "string", 
				"maxLength": 100,
				"title": "GL ACCOUNT NUMBER 100"
			},
			"TypId100": {
				"type": "string", 
				"maxLength": 100,
				"title": "IDENTIFIER 100"
			},
			"TypId25": {
				"type": "string", 
				"maxLength": 25,
				"title": "IDENTIFIER 25"
			},
			"TypId60": {
				"type": "string", 
				"maxLength": 60,
				"title": "IDENTIFIER 60"
			},
			"TypTaxTypCd": {
				"type": "string", 
				"maxLength": 25,
				"title": "TAX TYPE CODE"
			},
			"TypText10": {
				"type": "string", 
				"maxLength": 10,
				"title": "TEXT 10"
			}
		}
	}
}
