{
	"ApOpnAcntPbl": [ {
		"TrId": "TR1234",
		"InvoiId": "I001",
		"SuplAcntId": "S00001",
		"PurContrId": "C001",
		"ProjId": "P001",
		"FiscYr": 2020,
		"AcntingPer": "M1",
		"TrDt": "2020-02-01",
		"JrnId": "JRN1",
		"TrDueDt": "2020-02-29",
		"RefNr": "123456789",
		"RefDt": "2020-02-15",
		"Rmrk": "Open amount",
		"GrpCd": "GR1",
		"TrAmt": {
			"FuncAmt": 125.1255,
			"FuncCurCd": "USD",
			"TrAmt": 125.1255,
			"TrCurCd": "USD",
			"RprtAmt": 125.1255,
			"RprtCurCd": "USD",
			"LocAmt": 125.1255,
			"LocCurCd": "USD"
		},
		"BalAmt": {
			"FuncAmt": 125.1255,
			"TrAmt": 125.1255,
			"RprtAmt": 125.1255,
			"LocAmt": 125.1255
		},
		"BusSg": [ {
			"BusSgCd": "BS001"
		} ]
	} ]
}
