{
	"$schema": "http://json-schema.org/draft-06/schema#",
	"$id": "http://schemas.iso.org/AdcsML/Messages/AdcArAdjustments_jsd6-v1",
	"description": "JSON Definition of message hierarchy: ADC AR Adjustments v1.0",
	"modelRef": [
		"Message:             ADC AR Adjustments v1.0",
		"Message Rev.:        5",
		"Transaction:         AA - Audit Data Collection",
		"Transaction Rev.:    278 - Audit Data Collection",
		"Datamodel:           Audit Data Collection Datamodel, version HEAD",
		"Datamodel Rev.:      379",
		"XML tagset used:     AdcsML",
		"Generated at:        08-06-2021 17:21:03",
		"Generated using:     EC-Design 2.5.0 (http://www.ec-design.nl)",
		"Generated by:        Jan Vrijenhoek (Digitect)",
		"Organisation:        Digitect B.V. (Digitect)",
		"NOTE:    This schema was generated automatically: manual modifications will be lost",
		"NOTE:    Additional rules/conditions regarding the definition may exist, see functional hierarchical specification"
	],
	"type": "object",
	"additionalProperties": false,
	"properties": {
		"ArAdj": {
			"type": "array",
			"title": "AR ADJUSTMENT",
			"minItems": 0,
			"maxItems": 999999,
			"items": {
				"type": "object",
				"additionalProperties": false,
				"properties": {
					"AdjId": {
						"$ref": "#/definitions/domains/TypId100",
						"title": "Adjustment ID"
					},
					"AdjNr": {
						"$ref": "#/definitions/domains/TypText100",
						"title": "Adjustment Number"
					},
					"AdjTypNm": {
						"$ref": "#/definitions/domains/TypText60",
						"title": "Adjustment Type Name"
					},
					"AdjDocNr": {
						"$ref": "#/definitions/domains/TypText100",
						"title": "Adjustment Document Number"
					},
					"InvoiId": {
						"$ref": "#/definitions/domains/TypId60",
						"title": "Invoice ID"
					},
					"JrnId": {
						"$ref": "#/definitions/domains/TypId100",
						"title": "Journal ID"
					},
					"FiscYr": {
						"$ref": "#/definitions/domains/TypYrId",
						"title": "Fiscal Year"
					},
					"AcntingPer": {
						"$ref": "#/definitions/domains/TypPerId",
						"title": "Accounting Period"
					},
					"AdjDt": {
						"$ref": "#/definitions/domains/TypDt",
						"title": "Adjustment Date"
					},
					"CustAcntId": {
						"$ref": "#/definitions/domains/TypId100",
						"title": "Customer Account ID"
					},
					"GlDbAcntNr": {
						"$ref": "#/definitions/domains/TypGlAcntNr100",
						"title": "GL Debit Account Number"
					},
					"GlCrAcntNr": {
						"$ref": "#/definitions/domains/TypGlAcntNr100",
						"title": "GL Credit Account Number"
					},
					"TrAmt": {
						"type": "object",
						"additionalProperties": false,
						"properties": {
							"FuncAmt": {
								"$ref": "#/definitions/domains/TypAmt",
								"title": "Functional Amount"
							},
							"FuncCurCd": {
								"$ref": "#/definitions/domains/TypCurCd",
								"title": "Functional Currency Code"
							},
							"TrAmt": {
								"$ref": "#/definitions/domains/TypAmt",
								"title": "Transaction Amount"
							},
							"TrCurCd": {
								"$ref": "#/definitions/domains/TypCurCd",
								"title": "Transaction Currency Code"
							},
							"RprtAmt": {
								"$ref": "#/definitions/domains/TypAmt",
								"title": "Reporting Amount"
							},
							"RprtCurCd": {
								"$ref": "#/definitions/domains/TypCurCd",
								"title": "Reporting Currency Code"
							},
							"LocAmt": {
								"$ref": "#/definitions/domains/TypAmt",
								"title": "Local Amount"
							},
							"LocCurCd": {
								"$ref": "#/definitions/domains/TypCurCd",
								"title": "Local Currency Code"
							}
						},
						"required": [ ]
					},
					"Tax": {
						"type": "array",
						"title": "ar adjustment - TAX",
						"minItems": 0,
						"maxItems": 4,
						"items": {
							"type": "object",
							"additionalProperties": false,
							"properties": {
								"TaxTypCd": {
									"$ref": "#/definitions/domains/TypTaxTypCd",
									"title": "Tax Type Code"
								},
								"TaxLocAmt": {
									"$ref": "#/definitions/domains/TypAmt",
									"title": "Tax Local Amount"
								},
								"GlTaxDbAcntNr": {
									"$ref": "#/definitions/domains/TypGlAcntNr100",
									"title": "GL Tax Debit Account Number"
								},
								"GlTaxCrAcntNr": {
									"$ref": "#/definitions/domains/TypGlAcntNr100",
									"title": "GL Tax Credit Account Number"
								}
							},
							"required": [ ]
						}
					},
					"Crea": {
						"type": "object",
						"additionalProperties": false,
						"properties": {
							"UserId": {
								"$ref": "#/definitions/domains/TypId25",
								"title": "User ID"
							},
							"Dt": {
								"$ref": "#/definitions/domains/TypDt",
								"title": "Date"
							},
							"Tm": {
								"$ref": "#/definitions/domains/TypTm",
								"title": "Time"
							}
						},
						"required": [ ]
					},
					"Aprv": {
						"type": "object",
						"additionalProperties": false,
						"properties": {
							"UserId": {
								"$ref": "#/definitions/domains/TypId25",
								"title": "User ID"
							},
							"Dt": {
								"$ref": "#/definitions/domains/TypDt",
								"title": "Date"
							},
							"Tm": {
								"$ref": "#/definitions/domains/TypTm",
								"title": "Time"
							}
						},
						"required": [ ]
					},
					"LstMdf": {
						"type": "object",
						"additionalProperties": false,
						"properties": {
							"UserId": {
								"$ref": "#/definitions/domains/TypId25",
								"title": "User ID"
							},
							"Dt": {
								"$ref": "#/definitions/domains/TypDt",
								"title": "Date"
							},
							"Tm": {
								"$ref": "#/definitions/domains/TypTm",
								"title": "Time"
							}
						},
						"required": [ ]
					},
					"BusSg": {
						"type": "array",
						"title": "ar adjustment - BUSINESS SEGMENT",
						"minItems": 0,
						"maxItems": 999999,
						"items": {
							"type": "object",
							"additionalProperties": false,
							"properties": {
								"BusSgCd": {
									"$ref": "#/definitions/domains/TypId25",
									"title": "Business Segment Code"
								}
							},
							"required": [ ]
						}
					}
				},
				"required": [ "AdjId" ]
			}
		}
	},
	"required": [ ],
	"definitions": {
		"domains": {
			"TypAmt": {
				"type": "number", 
				"multipleOf": 0.0001,
				"title": "AMOUNT"
			},
			"TypCurCd": {
				"type": "string", 
				"minLength": 3,
				"maxLength": 3,
				"title": "CURRENCY CODE"
			},
			"TypDt": {
				"type": "string", 
				"minLength": 10,
				"maxLength": 10,
				"pattern": "^\\d{4}-(0[1-9]|1[0-2])-(0[1-9]|[1-2]\\d|3[0-1])$",
				"title": "DATE (CCYY-MM-DD)"
			},
			"TypGlAcntNr100": {
				"type": "string", 
				"maxLength": 100,
				"title": "GL ACCOUNT NUMBER 100"
			},
			"TypId100": {
				"type": "string", 
				"maxLength": 100,
				"title": "IDENTIFIER 100"
			},
			"TypId25": {
				"type": "string", 
				"maxLength": 25,
				"title": "IDENTIFIER 25"
			},
			"TypId60": {
				"type": "string", 
				"maxLength": 60,
				"title": "IDENTIFIER 60"
			},
			"TypPerId": {
				"type": "string", 
				"maxLength": 15,
				"title": "PERIOD IDENTIFIER"
			},
			"TypTaxTypCd": {
				"type": "string", 
				"maxLength": 25,
				"title": "TAX TYPE CODE"
			},
			"TypText100": {
				"type": "string", 
				"maxLength": 100,
				"title": "TEXT 100"
			},
			"TypText60": {
				"type": "string", 
				"maxLength": 60,
				"title": "TEXT 60"
			},
			"TypTm": {
				"type": "string", 
				"maxLength": 8,
				"title": "TIME"
			},
			"TypYrId": {
				"type": "integer", 
				"title": "YEAR IDENTIFIER"
			}
		}
	}
}
