{
	"$schema": "http://json-schema.org/draft-06/schema#",
	"$id": "http://schemas.iso.org/AdcsML/Messages/AdcBasMeasurementUnit_jsd6-v1",
	"description": "JSON Definition of message hierarchy: ADC BAS Measurement Unit v1.0",
	"modelRef": [
		"Message:             ADC BAS Measurement Unit v1.0",
		"Message Rev.:        4",
		"Transaction:         AA - Audit Data Collection",
		"Transaction Rev.:    278 - Audit Data Collection",
		"Datamodel:           Audit Data Collection Datamodel, version HEAD",
		"Datamodel Rev.:      379",
		"XML tagset used:     AdcsML",
		"Generated at:        08-06-2021 17:14:37",
		"Generated using:     EC-Design 2.5.0 (http://www.ec-design.nl)",
		"Generated by:        Jan Vrijenhoek (Digitect)",
		"Organisation:        Digitect B.V. (Digitect)",
		"NOTE:    This schema was generated automatically: manual modifications will be lost",
		"NOTE:    Additional rules/conditions regarding the definition may exist, see functional hierarchical specification"
	],
	"type": "object",
	"additionalProperties": false,
	"properties": {
		"BasMeaUnit": {
			"type": "array",
			"title": "BAS MEASUREMENT UNIT",
			"minItems": 0,
			"maxItems": 999999,
			"items": {
				"type": "object",
				"additionalProperties": false,
				"properties": {
					"UomCd": {
						"$ref": "#/definitions/domains/TypMeaUnitCd",
						"title": "UOM Code"
					},
					"UomNm": {
						"$ref": "#/definitions/domains/TypText80",
						"title": "UOM Name"
					},
					"UomAbrv": {
						"$ref": "#/definitions/domains/TypText40",
						"title": "UOM Abbreviation"
					},
					"ActiveFlag": {
						"$ref": "#/definitions/domains/TypBoolean",
						"title": "Active Flag"
					}
				},
				"required": [ "UomCd" ]
			}
		}
	},
	"required": [ ],
	"definitions": {
		"domains": {
			"TypBoolean": {
				"type": "boolean", 
				"title": "BOOLEAN"
			},
			"TypMeaUnitCd": {
				"type": "string", 
				"maxLength": 80,
				"title": "MEASUREMENT UNIT CODE"
			},
			"TypText40": {
				"type": "string", 
				"maxLength": 40,
				"title": "TEXT 40"
			},
			"TypText80": {
				"type": "string", 
				"maxLength": 80,
				"title": "TEXT 80"
			}
		}
	}
}
