{
	"BasCust": [ {
		"CustAcntId": "C00001",
		"CustAcntNr": "123456",
		"CustAcntNm": "Henderson",
		"CustAbrv": "HS",
		"ParCustId": "C00001",
		"CorrSuplId": "S00001",
		"CustTypId": "CT1",
		"CustTin": "123456789",
		"InactiveDt": "2050-02-01",
		"TrCrLimit": 100000.0000,
		"TotCrLimit": 1000000.0000,
		"TrmsDscntPerc": 0.0100,
		"TrmsDscntDays": 15,
		"TrmsDueDays": 30,
		"PhysAdr": {
			"StreetAdr1": "42th Street",
			"StreetAdr2": "Plant 2",
			"CityNm": "New York",
			"StatePrvncCd": "NY",
			"PostalCd": "NY 1234",
			"CntryCd": "US"
		},
		"BillAdr": {
			"StreetAdr1": "42th Street",
			"StreetAdr2": "Plant 2",
			"CityNm": "New York",
			"StatePrvncCd": "NY",
			"PostalCd": "NY 1234",
			"CntryCd": "US"
		},
		"PrimCnt": {
			"Nm": "John Doe",
			"Phone": "001.1234.567891",
			"Email": "john.doe66@outlook.com"
		},
		"Crea": {
			"UserId": "JD",
			"Dt": "2020-03-02",
			"Tm": "09:31"
		},
		"Aprv": {
			"UserId": "JD",
			"Dt": "2020-03-02",
			"Tm": "09:31"
		},
		"LstMdf": {
			"UserId": "JD",
			"Dt": "2020-03-02",
			"Tm": "09:31"
		}
	} ]
}
