{
	"$schema": "http://json-schema.org/draft-06/schema#",
	"$id": "http://schemas.iso.org/AdcsML/Messages/AdcBasProfile_jsd6-v1",
	"description": "JSON Definition of message hierarchy: ADC BAS Profile v1.0",
	"modelRef": [
		"Message:             ADC BAS Profile v1.0",
		"Message Rev.:        5",
		"Transaction:         AA - Audit Data Collection",
		"Transaction Rev.:    278 - Audit Data Collection",
		"Datamodel:           Audit Data Collection Datamodel, version HEAD",
		"Datamodel Rev.:      379",
		"XML tagset used:     AdcsML",
		"Generated at:        08-06-2021 17:14:40",
		"Generated using:     EC-Design 2.5.0 (http://www.ec-design.nl)",
		"Generated by:        Jan Vrijenhoek (Digitect)",
		"Organisation:        Digitect B.V. (Digitect)",
		"NOTE:    This schema was generated automatically: manual modifications will be lost",
		"NOTE:    Additional rules/conditions regarding the definition may exist, see functional hierarchical specification"
	],
	"type": "object",
	"additionalProperties": false,
	"properties": {
		"BasProfile": {
			"type": "array",
			"title": "BAS PROFILE",
			"minItems": 0,
			"maxItems": 999999,
			"items": {
				"type": "object",
				"additionalProperties": false,
				"properties": {
					"ProfileNr": {
						"$ref": "#/definitions/domains/TypId5",
						"title": "Profile Number"
					},
					"ProfileNm": {
						"$ref": "#/definitions/domains/TypText30",
						"title": "Profile Name"
					},
					"FiscYr": {
						"$ref": "#/definitions/domains/TypYrId",
						"title": "Fiscal Year"
					},
					"AcntingEntity": {
						"$ref": "#/definitions/domains/TypText60",
						"title": "Accounting Entity"
					},
					"Industry": {
						"$ref": "#/definitions/domains/TypText20",
						"title": "Industry"
					},
					"DvlprNm": {
						"$ref": "#/definitions/domains/TypNm200",
						"title": "Developer Name"
					},
					"SftwNm": {
						"$ref": "#/definitions/domains/TypText200",
						"title": "Software Name"
					},
					"SftwVers": {
						"$ref": "#/definitions/domains/TypText20",
						"title": "Software Version"
					},
					"FuncCurCd": {
						"$ref": "#/definitions/domains/TypCurCd",
						"title": "Functional Currency Code"
					},
					"StdVers": {
						"$ref": "#/definitions/domains/TypText30",
						"title": "Standard Version"
					},
					"ExtractedDt": {
						"$ref": "#/definitions/domains/TypDt",
						"title": "Extracted Date"
					},
					"TmZone": {
						"$ref": "#/definitions/domains/TypTmZone",
						"title": "Time Zone"
					},
					"BusSg": {
						"type": "array",
						"title": "bas profile - BUSINESS SEGMENT",
						"minItems": 0,
						"maxItems": 999999,
						"items": {
							"type": "object",
							"additionalProperties": false,
							"properties": {
								"BusSgCd": {
									"$ref": "#/definitions/domains/TypId25",
									"title": "Business Segment Code"
								}
							},
							"required": [ ]
						}
					}
				},
				"required": [ "ProfileNr" ]
			}
		}
	},
	"required": [ ],
	"definitions": {
		"domains": {
			"TypCurCd": {
				"type": "string", 
				"minLength": 3,
				"maxLength": 3,
				"title": "CURRENCY CODE"
			},
			"TypDt": {
				"type": "string", 
				"minLength": 10,
				"maxLength": 10,
				"pattern": "^\\d{4}-(0[1-9]|1[0-2])-(0[1-9]|[1-2]\\d|3[0-1])$",
				"title": "DATE (CCYY-MM-DD)"
			},
			"TypId25": {
				"type": "string", 
				"maxLength": 25,
				"title": "IDENTIFIER 25"
			},
			"TypId5": {
				"type": "string", 
				"maxLength": 5,
				"title": "IDENTIFIER 5"
			},
			"TypNm200": {
				"type": "string", 
				"maxLength": 200,
				"title": "NAME 200"
			},
			"TypText20": {
				"type": "string", 
				"maxLength": 20,
				"title": "TEXT 20"
			},
			"TypText200": {
				"type": "string", 
				"maxLength": 200,
				"title": "TEXT 200"
			},
			"TypText30": {
				"type": "string", 
				"maxLength": 30,
				"title": "TEXT 30"
			},
			"TypText60": {
				"type": "string", 
				"maxLength": 60,
				"title": "TEXT 60"
			},
			"TypTmZone": {
				"type": "string", 
				"maxLength": 6,
				"title": "TIME ZONE"
			},
			"TypYrId": {
				"type": "integer", 
				"title": "YEAR IDENTIFIER"
			}
		}
	}
}
