{
	"$schema": "http://json-schema.org/draft-06/schema#",
	"$id": "http://schemas.iso.org/AdcsML/Messages/AdcBasEmployee_jsd6-v1",
	"description": "JSON Definition of message hierarchy: ADC BAS Employee v1.0",
	"modelRef": [
		"Message:             ADC BAS Employee v1.0",
		"Message Rev.:        6",
		"Transaction:         AA - Audit Data Collection",
		"Transaction Rev.:    278 - Audit Data Collection",
		"Datamodel:           Audit Data Collection Datamodel, version HEAD",
		"Datamodel Rev.:      379",
		"XML tagset used:     AdcsML",
		"Generated at:        08-06-2021 17:08:48",
		"Generated using:     EC-Design 2.5.0 (http://www.ec-design.nl)",
		"Generated by:        Jan Vrijenhoek (Digitect)",
		"Organisation:        Digitect B.V. (Digitect)",
		"NOTE:    This schema was generated automatically: manual modifications will be lost",
		"NOTE:    Additional rules/conditions regarding the definition may exist, see functional hierarchical specification"
	],
	"type": "object",
	"additionalProperties": false,
	"properties": {
		"BasEmp": {
			"type": "array",
			"title": "BAS EMPLOYEE",
			"minItems": 0,
			"maxItems": 999999,
			"items": {
				"type": "object",
				"additionalProperties": false,
				"properties": {
					"EmpId": {
						"$ref": "#/definitions/domains/TypId60",
						"title": "Employee ID"
					},
					"EmpCd": {
						"$ref": "#/definitions/domains/TypText60",
						"title": "Employee Code"
					},
					"EmpNm": {
						"$ref": "#/definitions/domains/TypNm100",
						"title": "Employee Name"
					},
					"InactiveFlag": {
						"$ref": "#/definitions/domains/TypBoolean",
						"title": "Inactive Flag"
					},
					"EmpTypCd": {
						"$ref": "#/definitions/domains/TypText60",
						"title": "Employee Type Code"
					},
					"EmpTypNm": {
						"$ref": "#/definitions/domains/TypText60",
						"title": "Employee Type Name"
					},
					"DepCd": {
						"$ref": "#/definitions/domains/TypId25",
						"title": "Department Code"
					},
					"EmpJobTitle": {
						"$ref": "#/definitions/domains/TypText60",
						"title": "Employee Job Title"
					},
					"EmpAcadDegree": {
						"$ref": "#/definitions/domains/TypText60",
						"title": "Employee Academic Degree"
					},
					"EmplmntDt": {
						"$ref": "#/definitions/domains/TypDt",
						"title": "Employment Date"
					},
					"TerminationDt": {
						"$ref": "#/definitions/domains/TypDt",
						"title": "Termination Date"
					},
					"UserId": {
						"$ref": "#/definitions/domains/TypId25",
						"title": "User ID"
					}
				},
				"required": [ "EmpId" ]
			}
		}
	},
	"required": [ ],
	"definitions": {
		"domains": {
			"TypBoolean": {
				"type": "boolean", 
				"title": "BOOLEAN"
			},
			"TypDt": {
				"type": "string", 
				"minLength": 10,
				"maxLength": 10,
				"pattern": "^\\d{4}-(0[1-9]|1[0-2])-(0[1-9]|[1-2]\\d|3[0-1])$",
				"title": "DATE (CCYY-MM-DD)"
			},
			"TypId25": {
				"type": "string", 
				"maxLength": 25,
				"title": "IDENTIFIER 25"
			},
			"TypId60": {
				"type": "string", 
				"maxLength": 60,
				"title": "IDENTIFIER 60"
			},
			"TypNm100": {
				"type": "string", 
				"maxLength": 100,
				"title": "NAME 100"
			},
			"TypText60": {
				"type": "string", 
				"maxLength": 60,
				"title": "TEXT 60"
			}
		}
	}
}
