{
	"$schema": "http://json-schema.org/draft-06/schema#",
	"$id": "http://schemas.iso.org/AdcsML/Messages/AdcBasTaxType_jsd6-v1",
	"description": "JSON Definition of message hierarchy: ADC BAS Tax Type v1.0",
	"modelRef": [
		"Message:             ADC BAS Tax Type v1.0",
		"Message Rev.:        5",
		"Transaction:         AA - Audit Data Collection",
		"Transaction Rev.:    278 - Audit Data Collection",
		"Datamodel:           Audit Data Collection Datamodel, version HEAD",
		"Datamodel Rev.:      379",
		"XML tagset used:     AdcsML",
		"Generated at:        08-06-2021 19:21:12",
		"Generated using:     EC-Design 2.5.0 (http://www.ec-design.nl)",
		"Generated by:        Jan Vrijenhoek (Digitect)",
		"Organisation:        Digitect B.V. (Digitect)",
		"NOTE:    This schema was generated automatically: manual modifications will be lost",
		"NOTE:    Additional rules/conditions regarding the definition may exist, see functional hierarchical specification"
	],
	"type": "object",
	"additionalProperties": false,
	"properties": {
		"BasTaxTyp": {
			"type": "array",
			"title": "BAS TAX TYPE",
			"minItems": 0,
			"maxItems": 999999,
			"items": {
				"type": "object",
				"additionalProperties": false,
				"properties": {
					"TaxTypCd": {
						"$ref": "#/definitions/domains/TypTaxTypCd",
						"title": "Tax Type Code"
					},
					"TaxNm": {
						"$ref": "#/definitions/domains/TypText100",
						"title": "Tax Name"
					},
					"RgltrCd": {
						"$ref": "#/definitions/domains/TypRgltrCd",
						"title": "Regulator Code"
					},
					"TaxTypDscr": {
						"$ref": "#/definitions/domains/TypText100",
						"title": "Tax Type Description"
					},
					"TaxCdDscr": {
						"$ref": "#/definitions/domains/TypText1000",
						"title": "Tax Code Description"
					},
					"TaxPerc": {
						"$ref": "#/definitions/domains/TypPerc11",
						"title": "Tax Percentage"
					},
					"BusSg": {
						"type": "array",
						"title": "bas tax type - BUSINESS SEGMENT",
						"minItems": 0,
						"maxItems": 999999,
						"items": {
							"type": "object",
							"additionalProperties": false,
							"properties": {
								"BusSgCd": {
									"$ref": "#/definitions/domains/TypId25",
									"title": "Business Segment Code"
								}
							},
							"required": [ ]
						}
					}
				},
				"required": [ "TaxTypCd" ]
			}
		}
	},
	"required": [ ],
	"definitions": {
		"domains": {
			"TypId25": {
				"type": "string", 
				"maxLength": 25,
				"title": "IDENTIFIER 25"
			},
			"TypPerc11": {
				"type": "number", 
				"multipleOf": 0.000001,
				"title": "PERCENTAGE11"
			},
			"TypRgltrCd": {
				"type": "string", 
				"maxLength": 25,
				"title": "REGULATOR CODE"
			},
			"TypTaxTypCd": {
				"type": "string", 
				"maxLength": 25,
				"title": "TAX TYPE CODE"
			},
			"TypText100": {
				"type": "string", 
				"maxLength": 100,
				"title": "TEXT 100"
			},
			"TypText1000": {
				"type": "string", 
				"maxLength": 1000,
				"title": "TEXT 1000"
			}
		}
	}
}
