{
	"$schema": "http://json-schema.org/draft-06/schema#",
	"$id": "http://schemas.iso.org/AdcsML/Messages/AdcBasUser_jsd6-v1",
	"description": "JSON Definition of message hierarchy: ADC BAS User v1.0",
	"modelRef": [
		"Message:             ADC BAS User v1.0",
		"Message Rev.:        5",
		"Transaction:         AA - Audit Data Collection",
		"Transaction Rev.:    278 - Audit Data Collection",
		"Datamodel:           Audit Data Collection Datamodel, version HEAD",
		"Datamodel Rev.:      379",
		"XML tagset used:     AdcsML",
		"Generated at:        08-06-2021 17:08:49",
		"Generated using:     EC-Design 2.5.0 (http://www.ec-design.nl)",
		"Generated by:        Jan Vrijenhoek (Digitect)",
		"Organisation:        Digitect B.V. (Digitect)",
		"NOTE:    This schema was generated automatically: manual modifications will be lost",
		"NOTE:    Additional rules/conditions regarding the definition may exist, see functional hierarchical specification"
	],
	"type": "object",
	"additionalProperties": false,
	"properties": {
		"BasUser": {
			"type": "array",
			"title": "BAS USER",
			"minItems": 0,
			"maxItems": 999999,
			"items": {
				"type": "object",
				"additionalProperties": false,
				"properties": {
					"UserId": {
						"$ref": "#/definitions/domains/TypId25",
						"title": "User ID"
					},
					"UserActiveStat": {
						"$ref": "#/definitions/domains/TypBoolean",
						"title": "User Active Status"
					},
					"UserStatMdfDt": {
						"$ref": "#/definitions/domains/TypDt",
						"title": "User Status Modified Date"
					},
					"UserNm": {
						"$ref": "#/definitions/domains/TypNm100",
						"title": "User Name"
					},
					"UserJobTitle": {
						"$ref": "#/definitions/domains/TypText100",
						"title": "User Job Title"
					},
					"DepCd": {
						"$ref": "#/definitions/domains/TypId25",
						"title": "Department Code"
					},
					"UserRoleResp": {
						"$ref": "#/definitions/domains/TypText100",
						"title": "User Role Responsibility"
					}
				},
				"required": [ "UserId" ]
			}
		}
	},
	"required": [ ],
	"definitions": {
		"domains": {
			"TypBoolean": {
				"type": "boolean", 
				"title": "BOOLEAN"
			},
			"TypDt": {
				"type": "string", 
				"minLength": 10,
				"maxLength": 10,
				"pattern": "^\\d{4}-(0[1-9]|1[0-2])-(0[1-9]|[1-2]\\d|3[0-1])$",
				"title": "DATE (CCYY-MM-DD)"
			},
			"TypId25": {
				"type": "string", 
				"maxLength": 25,
				"title": "IDENTIFIER 25"
			},
			"TypNm100": {
				"type": "string", 
				"maxLength": 100,
				"title": "NAME 100"
			},
			"TypText100": {
				"type": "string", 
				"maxLength": 100,
				"title": "TEXT 100"
			}
		}
	}
}
