{
	"$schema": "http://json-schema.org/draft-06/schema#",
	"$id": "http://schemas.iso.org/AdcsML/Messages/AdcBasCurrency_jsd6-v1",
	"description": "JSON Definition of message hierarchy: ADC BAS Currency v1.0",
	"modelRef": [
		"Message:             ADC BAS Currency v1.0",
		"Message Rev.:        5",
		"Transaction:         AA - Audit Data Collection",
		"Transaction Rev.:    278 - Audit Data Collection",
		"Datamodel:           Audit Data Collection Datamodel, version HEAD",
		"Datamodel Rev.:      379",
		"XML tagset used:     AdcsML",
		"Generated at:        08-06-2021 17:14:37",
		"Generated using:     EC-Design 2.5.0 (http://www.ec-design.nl)",
		"Generated by:        Jan Vrijenhoek (Digitect)",
		"Organisation:        Digitect B.V. (Digitect)",
		"NOTE:    This schema was generated automatically: manual modifications will be lost",
		"NOTE:    Additional rules/conditions regarding the definition may exist, see functional hierarchical specification"
	],
	"type": "object",
	"additionalProperties": false,
	"properties": {
		"BasCur": {
			"type": "array",
			"title": "BAS CURRENCY",
			"minItems": 0,
			"maxItems": 999999,
			"items": {
				"type": "object",
				"additionalProperties": false,
				"properties": {
					"CurCd": {
						"$ref": "#/definitions/domains/TypCurCd",
						"title": "Currency Code"
					},
					"CurNm": {
						"$ref": "#/definitions/domains/TypText30",
						"title": "Currency Name"
					},
					"MinorUnit": {
						"$ref": "#/definitions/domains/TypUnit",
						"title": "Minor Unit"
					},
					"ActiveFlag": {
						"$ref": "#/definitions/domains/TypBoolean",
						"title": "Active Flag"
					}
				},
				"required": [ "CurCd" ]
			}
		}
	},
	"required": [ ],
	"definitions": {
		"domains": {
			"TypBoolean": {
				"type": "boolean", 
				"title": "BOOLEAN"
			},
			"TypCurCd": {
				"type": "string", 
				"minLength": 3,
				"maxLength": 3,
				"title": "CURRENCY CODE"
			},
			"TypText30": {
				"type": "string", 
				"maxLength": 30,
				"title": "TEXT 30"
			},
			"TypUnit": {
				"type": "integer", 
				"title": "UNIT"
			}
		}
	}
}
