{
	"$schema": "http://json-schema.org/draft-06/schema#",
	"$id": "http://schemas.iso.org/AdcsML/Messages/AdcBasTaxRegulatory_jsd6-v1",
	"description": "JSON Definition of message hierarchy: ADC BAS Tax Regulatory v1.0",
	"modelRef": [
		"Message:             ADC BAS Tax Regulatory v1.0",
		"Message Rev.:        5",
		"Transaction:         AA - Audit Data Collection",
		"Transaction Rev.:    278 - Audit Data Collection",
		"Datamodel:           Audit Data Collection Datamodel, version HEAD",
		"Datamodel Rev.:      379",
		"XML tagset used:     AdcsML",
		"Generated at:        08-06-2021 17:14:39",
		"Generated using:     EC-Design 2.5.0 (http://www.ec-design.nl)",
		"Generated by:        Jan Vrijenhoek (Digitect)",
		"Organisation:        Digitect B.V. (Digitect)",
		"NOTE:    This schema was generated automatically: manual modifications will be lost",
		"NOTE:    Additional rules/conditions regarding the definition may exist, see functional hierarchical specification"
	],
	"type": "object",
	"additionalProperties": false,
	"properties": {
		"BasTaxRgltry": {
			"type": "array",
			"title": "BAS TAX REGULATORY",
			"minItems": 0,
			"maxItems": 999999,
			"items": {
				"type": "object",
				"additionalProperties": false,
				"properties": {
					"RgltrCd": {
						"$ref": "#/definitions/domains/TypRgltrCd",
						"title": "Regulator Code"
					},
					"RgltrCntryCd": {
						"$ref": "#/definitions/domains/TypCntryCd",
						"title": "Regulator Country Code"
					},
					"RgltrRegion": {
						"$ref": "#/definitions/domains/TypRegion",
						"title": "Regulator Region"
					},
					"RgltrNm": {
						"$ref": "#/definitions/domains/TypText100",
						"title": "Regulator Name"
					},
					"RgltrRole": {
						"$ref": "#/definitions/domains/TypText20",
						"title": "Regulator Role"
					},
					"RgltrPblAcntNum": {
						"$ref": "#/definitions/domains/TypId100",
						"title": "Regulator Payable Account NUM"
					},
					"RgltrAccrlAcntNum": {
						"$ref": "#/definitions/domains/TypId100",
						"title": "Regulator Accrual Account NUM"
					},
					"RgltrExpnsAcntNum": {
						"$ref": "#/definitions/domains/TypId100",
						"title": "Regulator Expense Account NUM"
					},
					"RgltrId": {
						"$ref": "#/definitions/domains/TypId25",
						"title": "Regulator ID"
					},
					"RgltrRprtOrg": {
						"$ref": "#/definitions/domains/TypId80",
						"title": "Regulator Reporting ORG"
					},
					"RgltrActiveFlag": {
						"$ref": "#/definitions/domains/TypBoolean",
						"title": "Regulator Active Flag"
					},
					"BusSg": {
						"type": "array",
						"title": "bas tax regulatory - BUSINESS SEGMENT",
						"minItems": 0,
						"maxItems": 999999,
						"items": {
							"type": "object",
							"additionalProperties": false,
							"properties": {
								"BusSgCd": {
									"$ref": "#/definitions/domains/TypId25",
									"title": "Business Segment Code"
								}
							},
							"required": [ ]
						}
					}
				},
				"required": [ "RgltrCd" ]
			}
		}
	},
	"required": [ ],
	"definitions": {
		"domains": {
			"TypBoolean": {
				"type": "boolean", 
				"title": "BOOLEAN"
			},
			"TypCntryCd": {
				"type": "string", 
				"minLength": 2,
				"maxLength": 3,
				"title": "COUNTRY CODE"
			},
			"TypId100": {
				"type": "string", 
				"maxLength": 100,
				"title": "IDENTIFIER 100"
			},
			"TypId25": {
				"type": "string", 
				"maxLength": 25,
				"title": "IDENTIFIER 25"
			},
			"TypId80": {
				"type": "string", 
				"maxLength": 80,
				"title": "IDENTIFIER 80"
			},
			"TypRegion": {
				"type": "string", 
				"maxLength": 25,
				"title": "REGION"
			},
			"TypRgltrCd": {
				"type": "string", 
				"maxLength": 25,
				"title": "REGULATOR CODE"
			},
			"TypText100": {
				"type": "string", 
				"maxLength": 100,
				"title": "TEXT 100"
			},
			"TypText20": {
				"type": "string", 
				"maxLength": 20,
				"title": "TEXT 20"
			}
		}
	}
}
