{
	"$schema": "http://json-schema.org/draft-06/schema#",
	"$id": "http://schemas.iso.org/AdcsML/Messages/AdcBasBusinessSegment_jsd6-v1",
	"description": "JSON Definition of message hierarchy: ADC BAS Business Segment v1.0",
	"modelRef": [
		"Message:             ADC BAS Business Segment v1.0",
		"Message Rev.:        6",
		"Transaction:         AA - Audit Data Collection",
		"Transaction Rev.:    278 - Audit Data Collection",
		"Datamodel:           Audit Data Collection Datamodel, version HEAD",
		"Datamodel Rev.:      379",
		"XML tagset used:     AdcsML",
		"Generated at:        08-06-2021 17:01:32",
		"Generated using:     EC-Design 2.5.0 (http://www.ec-design.nl)",
		"Generated by:        Jan Vrijenhoek (Digitect)",
		"Organisation:        Digitect B.V. (Digitect)",
		"NOTE:    This schema was generated automatically: manual modifications will be lost",
		"NOTE:    Additional rules/conditions regarding the definition may exist, see functional hierarchical specification"
	],
	"type": "object",
	"additionalProperties": false,
	"properties": {
		"BasBusSg": {
			"type": "array",
			"title": "BAS BUSINESS SEGMENT",
			"minItems": 0,
			"maxItems": 999999,
			"items": {
				"type": "object",
				"additionalProperties": false,
				"properties": {
					"BusSgCd": {
						"$ref": "#/definitions/domains/TypId25",
						"title": "Business Segment Code"
					},
					"BusSgNm": {
						"$ref": "#/definitions/domains/TypNm25",
						"title": "Business Segment Name"
					},
					"SgRefLevel": {
						"$ref": "#/definitions/domains/TypRefLevel",
						"title": "Segment Reference Level"
					},
					"OrgTypNm": {
						"$ref": "#/definitions/domains/TypNm60",
						"title": "Organization Type Name"
					}
				},
				"required": [ "BusSgCd" ]
			}
		}
	},
	"required": [ ],
	"definitions": {
		"domains": {
			"TypId25": {
				"type": "string", 
				"maxLength": 25,
				"title": "IDENTIFIER 25"
			},
			"TypNm25": {
				"type": "string", 
				"maxLength": 25,
				"title": "NAME 25"
			},
			"TypNm60": {
				"type": "string", 
				"maxLength": 60,
				"title": "NAME 60"
			},
			"TypRefLevel": {
				"type": "string", 
				"maxLength": 2,
				"title": "REFERENCE LEVEL"
			}
		}
	}
}
