{
	"$schema": "http://json-schema.org/draft-06/schema#",
	"$id": "http://schemas.iso.org/AdcsML/Messages/AdcBasChartOfAccounts_jsd6-v1",
	"description": "JSON Definition of message hierarchy: ADC BAS Chart Of  Accounts v1.0",
	"modelRef": [
		"Message:             ADC BAS Chart Of  Accounts v1.0",
		"Message Rev.:        5",
		"Transaction:         AA - Audit Data Collection",
		"Transaction Rev.:    278 - Audit Data Collection",
		"Datamodel:           Audit Data Collection Datamodel, version HEAD",
		"Datamodel Rev.:      379",
		"XML tagset used:     AdcsML",
		"Generated at:        08-06-2021 17:08:52",
		"Generated using:     EC-Design 2.5.0 (http://www.ec-design.nl)",
		"Generated by:        Jan Vrijenhoek (Digitect)",
		"Organisation:        Digitect B.V. (Digitect)",
		"NOTE:    This schema was generated automatically: manual modifications will be lost",
		"NOTE:    Additional rules/conditions regarding the definition may exist, see functional hierarchical specification"
	],
	"type": "object",
	"additionalProperties": false,
	"properties": {
		"BasChartOfAcnts": {
			"type": "array",
			"title": "BAS CHART OF ACCOUNTS",
			"minItems": 0,
			"maxItems": 999999,
			"items": {
				"type": "object",
				"additionalProperties": false,
				"properties": {
					"GlAcntNr": {
						"$ref": "#/definitions/domains/TypGlAcntNr100",
						"title": "GL Account Number"
					},
					"GlAcntNm": {
						"$ref": "#/definitions/domains/TypText100",
						"title": "GL Account Name"
					},
					"GlAcntDscr": {
						"$ref": "#/definitions/domains/TypText1000",
						"title": "GL Account Description"
					},
					"FsCaption": {
						"$ref": "#/definitions/domains/TypText100",
						"title": "FS Caption"
					},
					"AcntTyp": {
						"$ref": "#/definitions/domains/TypAcntTyp",
						"title": "Account Type"
					},
					"AcntSubtyp": {
						"$ref": "#/definitions/domains/TypAcntTyp",
						"title": "Account Subtype"
					},
					"AcntHrchy": {
						"$ref": "#/definitions/domains/TypAcntHrchy",
						"title": "Account Hierarchy"
					},
					"ParGlAcntNr": {
						"$ref": "#/definitions/domains/TypGlAcntNr100",
						"title": "Parent GL Account Number"
					},
					"BalDbOrCrCd": {
						"$ref": "#/definitions/domains/TypCrDbCd",
						"title": "Balance Debit Or Credit Code"
					},
					"ActiveFlag": {
						"$ref": "#/definitions/domains/TypBoolean",
						"title": "Active Flag"
					},
					"BusSg": {
						"type": "array",
						"title": "bas chart of accounts - BUSINESS SEGMENT",
						"minItems": 0,
						"maxItems": 999999,
						"items": {
							"type": "object",
							"additionalProperties": false,
							"properties": {
								"BusSgCd": {
									"$ref": "#/definitions/domains/TypId25",
									"title": "Business Segment Code"
								}
							},
							"required": [ ]
						}
					}
				},
				"required": [ "GlAcntNr" ]
			}
		}
	},
	"required": [ ],
	"definitions": {
		"domains": {
			"TypAcntHrchy": {
				"type": "integer", 
				"title": "ACCOUNT HIERARCHY"
			},
			"TypAcntTyp": {
				"type": "string", 
				"maxLength": 25,
				"title": "ACCOUNT TYPE"
			},
			"TypBoolean": {
				"type": "boolean", 
				"title": "BOOLEAN"
			},
			"TypCrDbCd": {
				"type": "string", 
				"maxLength": 1,
				"enum": [
					"C",
					"D"
				],
				"enum_title": [
					"credit",
					"debit"
				],
				"title": "CREDIT DEBIT CODE"
			},
			"TypGlAcntNr100": {
				"type": "string", 
				"maxLength": 100,
				"title": "GL ACCOUNT NUMBER 100"
			},
			"TypId25": {
				"type": "string", 
				"maxLength": 25,
				"title": "IDENTIFIER 25"
			},
			"TypText100": {
				"type": "string", 
				"maxLength": 100,
				"title": "TEXT 100"
			},
			"TypText1000": {
				"type": "string", 
				"maxLength": 1000,
				"title": "TEXT 1000"
			}
		}
	}
}
