{
	"$schema": "http://json-schema.org/draft-06/schema#",
	"$id": "http://schemas.iso.org/AdcsML/Messages/AdcGlTrialBalance_jsd6-v1",
	"description": "JSON Definition of message hierarchy: ADC GL Trial Balance v1.0",
	"modelRef": [
		"Message:             ADC GL Trial Balance v1.0",
		"Message Rev.:        5",
		"Transaction:         AA - Audit Data Collection",
		"Transaction Rev.:    278 - Audit Data Collection",
		"Datamodel:           Audit Data Collection Datamodel, version HEAD",
		"Datamodel Rev.:      379",
		"XML tagset used:     AdcsML",
		"Generated at:        08-06-2021 17:18:57",
		"Generated using:     EC-Design 2.5.0 (http://www.ec-design.nl)",
		"Generated by:        Jan Vrijenhoek (Digitect)",
		"Organisation:        Digitect B.V. (Digitect)",
		"NOTE:    This schema was generated automatically: manual modifications will be lost",
		"NOTE:    Additional rules/conditions regarding the definition may exist, see functional hierarchical specification"
	],
	"type": "object",
	"additionalProperties": false,
	"properties": {
		"GlTrialBal": {
			"type": "array",
			"title": "GL TRIAL BALANCE",
			"minItems": 0,
			"maxItems": 999999,
			"items": {
				"type": "object",
				"additionalProperties": false,
				"properties": {
					"GlAcntNr": {
						"$ref": "#/definitions/domains/TypGlAcntNr100",
						"title": "GL Account Number"
					},
					"FiscYr": {
						"$ref": "#/definitions/domains/TypYrId",
						"title": "Fiscal Year"
					},
					"AcntingPer": {
						"$ref": "#/definitions/domains/TypPerId",
						"title": "Accounting Period"
					},
					"BalAsOfDt": {
						"$ref": "#/definitions/domains/TypDt",
						"title": "Balance As Of Date"
					},
					"Cur": {
						"type": "object",
						"additionalProperties": false,
						"properties": {
							"FuncCurCd": {
								"$ref": "#/definitions/domains/TypCurCd",
								"title": "Functional Currency Code"
							},
							"TrCurCd": {
								"$ref": "#/definitions/domains/TypCurCd",
								"title": "Transaction Currency Code"
							},
							"RprtCurCd": {
								"$ref": "#/definitions/domains/TypCurCd",
								"title": "Reporting Currency Code"
							},
							"LocCurCd": {
								"$ref": "#/definitions/domains/TypCurCd",
								"title": "Local Currency Code"
							}
						},
						"required": [ ]
					},
					"BalBegAmt": {
						"type": "object",
						"additionalProperties": false,
						"properties": {
							"FuncAmt": {
								"$ref": "#/definitions/domains/TypAmt",
								"title": "Functional Amount"
							},
							"TrAmt": {
								"$ref": "#/definitions/domains/TypAmt",
								"title": "Transaction Amount"
							},
							"RprtAmt": {
								"$ref": "#/definitions/domains/TypAmt",
								"title": "Reporting Amount"
							},
							"LocAmt": {
								"$ref": "#/definitions/domains/TypAmt",
								"title": "Local Amount"
							}
						},
						"required": [ ]
					},
					"BalEndAmt": {
						"type": "object",
						"additionalProperties": false,
						"properties": {
							"FuncAmt": {
								"$ref": "#/definitions/domains/TypAmt",
								"title": "Functional Amount"
							},
							"TrAmt": {
								"$ref": "#/definitions/domains/TypAmt",
								"title": "Transaction Amount"
							},
							"RprtAmt": {
								"$ref": "#/definitions/domains/TypAmt",
								"title": "Reporting Amount"
							},
							"LocAmt": {
								"$ref": "#/definitions/domains/TypAmt",
								"title": "Local Amount"
							}
						},
						"required": [ ]
					},
					"BusSg": {
						"type": "array",
						"title": "gl trial balance - BUSINESS SEGMENT",
						"minItems": 0,
						"maxItems": 999999,
						"items": {
							"type": "object",
							"additionalProperties": false,
							"properties": {
								"BusSgCd": {
									"$ref": "#/definitions/domains/TypId25",
									"title": "Business Segment Code"
								}
							},
							"required": [ ]
						}
					}
				},
				"required": [ "GlAcntNr", "FiscYr", "AcntingPer" ]
			}
		}
	},
	"required": [ ],
	"definitions": {
		"domains": {
			"TypAmt": {
				"type": "number", 
				"multipleOf": 0.0001,
				"title": "AMOUNT"
			},
			"TypCurCd": {
				"type": "string", 
				"minLength": 3,
				"maxLength": 3,
				"title": "CURRENCY CODE"
			},
			"TypDt": {
				"type": "string", 
				"minLength": 10,
				"maxLength": 10,
				"pattern": "^\\d{4}-(0[1-9]|1[0-2])-(0[1-9]|[1-2]\\d|3[0-1])$",
				"title": "DATE (CCYY-MM-DD)"
			},
			"TypGlAcntNr100": {
				"type": "string", 
				"maxLength": 100,
				"title": "GL ACCOUNT NUMBER 100"
			},
			"TypId25": {
				"type": "string", 
				"maxLength": 25,
				"title": "IDENTIFIER 25"
			},
			"TypPerId": {
				"type": "string", 
				"maxLength": 15,
				"title": "PERIOD IDENTIFIER"
			},
			"TypYrId": {
				"type": "integer", 
				"title": "YEAR IDENTIFIER"
			}
		}
	}
}
