{
	"$schema": "http://json-schema.org/draft-06/schema#",
	"$id": "http://schemas.iso.org/AdcsML/Messages/AdcGlAccountSegment_jsd6-v1",
	"description": "JSON Definition of message hierarchy: ADC GL Account Segment v1.0",
	"modelRef": [
		"Message:             ADC GL Account Segment v1.0",
		"Message Rev.:        5",
		"Transaction:         AA - Audit Data Collection",
		"Transaction Rev.:    278 - Audit Data Collection",
		"Datamodel:           Audit Data Collection Datamodel, version HEAD",
		"Datamodel Rev.:      379",
		"XML tagset used:     AdcsML",
		"Generated at:        08-06-2021 17:18:59",
		"Generated using:     EC-Design 2.5.0 (http://www.ec-design.nl)",
		"Generated by:        Jan Vrijenhoek (Digitect)",
		"Organisation:        Digitect B.V. (Digitect)",
		"NOTE:    This schema was generated automatically: manual modifications will be lost",
		"NOTE:    Additional rules/conditions regarding the definition may exist, see functional hierarchical specification"
	],
	"type": "object",
	"additionalProperties": false,
	"properties": {
		"GlAcntSg": {
			"type": "array",
			"title": "GL ACCOUNT SEGMENT",
			"minItems": 0,
			"maxItems": 999999,
			"items": {
				"type": "object",
				"additionalProperties": false,
				"properties": {
					"GlAcntNr": {
						"$ref": "#/definitions/domains/TypGlAcntNr100",
						"title": "GL Account Number"
					},
					"AcntSgNr": {
						"$ref": "#/definitions/domains/TypText60",
						"title": "Account Segment Number"
					},
					"AcntSgNm": {
						"$ref": "#/definitions/domains/TypId200",
						"title": "Account Segment Name"
					},
					"CorrFile": {
						"$ref": "#/definitions/domains/TypText200",
						"title": "Corresponding File"
					},
					"AcntSgDscr": {
						"$ref": "#/definitions/domains/TypText1000",
						"title": "Account Segment Description"
					},
					"CstmzdAccSgCd": {
						"$ref": "#/definitions/domains/TypId60",
						"title": "Customized ACC Segment Code"
					}
				},
				"required": [ "GlAcntNr", "AcntSgNr", "AcntSgNm" ]
			}
		}
	},
	"required": [ ],
	"definitions": {
		"domains": {
			"TypGlAcntNr100": {
				"type": "string", 
				"maxLength": 100,
				"title": "GL ACCOUNT NUMBER 100"
			},
			"TypId200": {
				"type": "string", 
				"maxLength": 200,
				"title": "IDENTIFIER 200"
			},
			"TypId60": {
				"type": "string", 
				"maxLength": 60,
				"title": "IDENTIFIER 60"
			},
			"TypText1000": {
				"type": "string", 
				"maxLength": 1000,
				"title": "TEXT 1000"
			},
			"TypText200": {
				"type": "string", 
				"maxLength": 200,
				"title": "TEXT 200"
			},
			"TypText60": {
				"type": "string", 
				"maxLength": 60,
				"title": "TEXT 60"
			}
		}
	}
}
