{
	"$schema": "http://json-schema.org/draft-06/schema#",
	"$id": "http://schemas.iso.org/AdcsML/Messages/AdcGlSource_jsd6-v1",
	"description": "JSON Definition of message hierarchy: ADC GL Source v1.0",
	"modelRef": [
		"Message:             ADC GL Source v1.0",
		"Message Rev.:        5",
		"Transaction:         AA - Audit Data Collection",
		"Transaction Rev.:    278 - Audit Data Collection",
		"Datamodel:           Audit Data Collection Datamodel, version HEAD",
		"Datamodel Rev.:      379",
		"XML tagset used:     AdcsML",
		"Generated at:        08-06-2021 17:18:58",
		"Generated using:     EC-Design 2.5.0 (http://www.ec-design.nl)",
		"Generated by:        Jan Vrijenhoek (Digitect)",
		"Organisation:        Digitect B.V. (Digitect)",
		"NOTE:    This schema was generated automatically: manual modifications will be lost",
		"NOTE:    Additional rules/conditions regarding the definition may exist, see functional hierarchical specification"
	],
	"type": "object",
	"additionalProperties": false,
	"properties": {
		"GlSrc": {
			"type": "array",
			"title": "GL SOURCE",
			"minItems": 0,
			"maxItems": 999999,
			"items": {
				"type": "object",
				"additionalProperties": false,
				"properties": {
					"SrcCd": {
						"$ref": "#/definitions/domains/TypId25",
						"title": "Source Code"
					},
					"SrcDscr": {
						"$ref": "#/definitions/domains/TypText1000",
						"title": "Source Description"
					},
					"ErpSbldgrMod": {
						"$ref": "#/definitions/domains/TypText100",
						"title": "ERP Subledger Module"
					},
					"SystManualId": {
						"$ref": "#/definitions/domains/TypSystManualId",
						"title": "System Manual Identifier"
					},
					"BusProcMajor": {
						"$ref": "#/definitions/domains/TypText100",
						"title": "Business Process Major"
					},
					"BusProcMinor": {
						"$ref": "#/definitions/domains/TypText100",
						"title": "Business Process Minor"
					}
				},
				"required": [ "SrcCd" ]
			}
		}
	},
	"required": [ ],
	"definitions": {
		"domains": {
			"TypId25": {
				"type": "string", 
				"maxLength": 25,
				"title": "IDENTIFIER 25"
			},
			"TypSystManualId": {
				"type": "string", 
				"maxLength": 1,
				"enum": [
					"M",
					"S"
				],
				"enum_title": [
					"Manual",
					"System"
				],
				"title": "SYSTEM MANUAL IDENTIFIER"
			},
			"TypText100": {
				"type": "string", 
				"maxLength": 100,
				"title": "TEXT 100"
			},
			"TypText1000": {
				"type": "string", 
				"maxLength": 1000,
				"title": "TEXT 1000"
			}
		}
	}
}
