{
	"InvTr": [ {
		"TrDocId": "TD001",
		"TrDocLnId": "TD001.1",
		"ProjId": "P001",
		"TrOrdId": "ORD001",
		"TrOrdLnId": "1",
		"TrDt": "2020-02-15",
		"TrTm": "15:30:00",
		"TrTyp": "Shipment",
		"TrTypSyst": "SHPM",
		"TrDscr": "Shipment of sand.",
		"TrQt": 100.0000,
		"SuplAcntId": "S00001",
		"CustAcntId": "C00001",
		"InvDocId": "123456789",
		"InvDocNr": "123456789",
		"InvDocLnId": "1",
		"InvDocLnNr": "1",
		"Stat": "NEW",
		"InvOrgCd": "BS001",
		"InvStckUomCd": "KG",
		"InvCstngUomCd": "KG",
		"InvPrdctId": "PRD001",
		"LotNr": "LOT1",
		"SerialNr": "SERIAL1",
		"InvRequiredBy": "John Doe.",
		"InvFromLctId": "L001",
		"InvToLctId": "L001",
		"CostOrgCd": "BS001",
		"InvCost": 7000.0000,
		"TrAdjCost": 1000.0000,
		"FuncCurCd": "USD",
		"InvSystOrExtSrc": "I",
		"InvRcvdAndDispedCd": "0",
		"GlLnDbAcntId": "ACC123456789",
		"GlLnCrAcntId": "ACC123456789",
		"Posted": {
			"UserId": "JD",
			"Dt": "2020-03-02",
			"Tm": "09:31"
		},
		"Crea": {
			"UserId": "JD",
			"Dt": "2020-03-02",
			"Tm": "09:31"
		},
		"Aprv": {
			"UserId": "JD",
			"Dt": "2020-03-02",
			"Tm": "09:31"
		},
		"LstMdf": {
			"UserId": "JD",
			"Dt": "2020-03-02",
			"Tm": "09:31"
		},
		"BusSg": [ {
			"BusSgCd": "BS001"
		} ]
	} ]
}
