{
	"$schema": "http://json-schema.org/draft-06/schema#",
	"$id": "http://schemas.iso.org/AdcsML/Messages/AdcInvProduct_jsd6-v1",
	"description": "JSON Definition of message hierarchy: ADC INV Product v1.0",
	"modelRef": [
		"Message:             ADC INV Product v1.0",
		"Message Rev.:        5",
		"Transaction:         AA - Audit Data Collection",
		"Transaction Rev.:    278 - Audit Data Collection",
		"Datamodel:           Audit Data Collection Datamodel, version HEAD",
		"Datamodel Rev.:      379",
		"XML tagset used:     AdcsML",
		"Generated at:        08-06-2021 19:07:46",
		"Generated using:     EC-Design 2.5.0 (http://www.ec-design.nl)",
		"Generated by:        Jan Vrijenhoek (Digitect)",
		"Organisation:        Digitect B.V. (Digitect)",
		"NOTE:    This schema was generated automatically: manual modifications will be lost",
		"NOTE:    Additional rules/conditions regarding the definition may exist, see functional hierarchical specification"
	],
	"type": "object",
	"additionalProperties": false,
	"properties": {
		"InvPrdct": {
			"type": "array",
			"title": "INV PRODUCT",
			"minItems": 0,
			"maxItems": 999999,
			"items": {
				"type": "object",
				"additionalProperties": false,
				"properties": {
					"InvPrdctId": {
						"$ref": "#/definitions/domains/TypId75",
						"title": "Inventory Product ID"
					},
					"InvPrdctCd": {
						"$ref": "#/definitions/domains/TypText80",
						"title": "Inventory Product Code"
					},
					"InvPrdctTypId": {
						"$ref": "#/definitions/domains/TypId60",
						"title": "Inventory Product Type ID"
					},
					"PrdctGroup1": {
						"$ref": "#/definitions/domains/TypText25",
						"title": "Product Group1"
					},
					"PrdctGroup2": {
						"$ref": "#/definitions/domains/TypText25",
						"title": "Product Group2"
					},
					"InvBarCd": {
						"$ref": "#/definitions/domains/TypText60",
						"title": "Inventory Bar Code"
					},
					"PreferredSuplId": {
						"$ref": "#/definitions/domains/TypId100",
						"title": "Preferred Supplier ID"
					},
					"BasicUomCd": {
						"$ref": "#/definitions/domains/TypMeaUnitCd",
						"title": "Basic UOM Code"
					},
					"DftCstngMthd": {
						"$ref": "#/definitions/domains/TypText60",
						"title": "Default Costing Method"
					},
					"DftStckUomCd": {
						"$ref": "#/definitions/domains/TypMeaUnitCd",
						"title": "Default Stocking UOM Code"
					},
					"GlAssetAcntNr": {
						"$ref": "#/definitions/domains/TypGlAcntNr100",
						"title": "GL Asset Account Number"
					},
					"GlCostAcntNr": {
						"$ref": "#/definitions/domains/TypGlAcntNr100",
						"title": "GL Cost Account Number"
					},
					"OutOfSrvcDt": {
						"$ref": "#/definitions/domains/TypDt",
						"title": "Out Of Service Date"
					},
					"OutOfSrvcFlag": {
						"$ref": "#/definitions/domains/TypBoolean",
						"title": "Out Of Service Flag"
					},
					"LotNr": {
						"$ref": "#/definitions/domains/TypText60",
						"title": "Lot Number"
					},
					"SerialNr": {
						"$ref": "#/definitions/domains/TypText60",
						"title": "Serial Number"
					},
					"BusSg": {
						"type": "array",
						"title": "inv product - BUSINESS SEGMENT",
						"minItems": 0,
						"maxItems": 999999,
						"items": {
							"type": "object",
							"additionalProperties": false,
							"properties": {
								"BusSgCd": {
									"$ref": "#/definitions/domains/TypId25",
									"title": "Business Segment Code"
								}
							},
							"required": [ ]
						}
					}
				},
				"required": [ "InvPrdctId" ]
			}
		}
	},
	"required": [ ],
	"definitions": {
		"domains": {
			"TypBoolean": {
				"type": "boolean", 
				"title": "BOOLEAN"
			},
			"TypDt": {
				"type": "string", 
				"minLength": 10,
				"maxLength": 10,
				"pattern": "^\\d{4}-(0[1-9]|1[0-2])-(0[1-9]|[1-2]\\d|3[0-1])$",
				"title": "DATE (CCYY-MM-DD)"
			},
			"TypGlAcntNr100": {
				"type": "string", 
				"maxLength": 100,
				"title": "GL ACCOUNT NUMBER 100"
			},
			"TypId100": {
				"type": "string", 
				"maxLength": 100,
				"title": "IDENTIFIER 100"
			},
			"TypId25": {
				"type": "string", 
				"maxLength": 25,
				"title": "IDENTIFIER 25"
			},
			"TypId60": {
				"type": "string", 
				"maxLength": 60,
				"title": "IDENTIFIER 60"
			},
			"TypId75": {
				"type": "string", 
				"maxLength": 75,
				"title": "IDENTIFIER 75"
			},
			"TypMeaUnitCd": {
				"type": "string", 
				"maxLength": 80,
				"title": "MEASUREMENT UNIT CODE"
			},
			"TypText25": {
				"type": "string", 
				"maxLength": 25,
				"title": "TEXT 25"
			},
			"TypText60": {
				"type": "string", 
				"maxLength": 60,
				"title": "TEXT 60"
			},
			"TypText80": {
				"type": "string", 
				"maxLength": 80,
				"title": "TEXT 80"
			}
		}
	}
}
