{
	"$schema": "http://json-schema.org/draft-06/schema#",
	"$id": "http://schemas.iso.org/AdcsML/Messages/AdcInvTransaction_jsd6-v1",
	"description": "JSON Definition of message hierarchy: ADC INV Transaction v1.0",
	"modelRef": [
		"Message:             ADC INV Transaction v1.0",
		"Message Rev.:        4",
		"Transaction:         AA - Audit Data Collection",
		"Transaction Rev.:    278 - Audit Data Collection",
		"Datamodel:           Audit Data Collection Datamodel, version HEAD",
		"Datamodel Rev.:      379",
		"XML tagset used:     AdcsML",
		"Generated at:        08-06-2021 19:07:47",
		"Generated using:     EC-Design 2.5.0 (http://www.ec-design.nl)",
		"Generated by:        Jan Vrijenhoek (Digitect)",
		"Organisation:        Digitect B.V. (Digitect)",
		"NOTE:    This schema was generated automatically: manual modifications will be lost",
		"NOTE:    Additional rules/conditions regarding the definition may exist, see functional hierarchical specification"
	],
	"type": "object",
	"additionalProperties": false,
	"properties": {
		"InvTr": {
			"type": "array",
			"title": "INV TRANSACTION",
			"minItems": 0,
			"maxItems": 999999,
			"items": {
				"type": "object",
				"additionalProperties": false,
				"properties": {
					"TrDocId": {
						"$ref": "#/definitions/domains/TypId100",
						"title": "Transaction Document ID"
					},
					"TrDocLnId": {
						"$ref": "#/definitions/domains/TypId100",
						"title": "Transaction Document Line ID"
					},
					"ProjId": {
						"$ref": "#/definitions/domains/TypId60",
						"title": "Project ID"
					},
					"TrOrdId": {
						"$ref": "#/definitions/domains/TypText100",
						"title": "Transaction Order ID"
					},
					"TrOrdLnId": {
						"$ref": "#/definitions/domains/TypText100",
						"title": "Transaction Order Line ID"
					},
					"TrDt": {
						"$ref": "#/definitions/domains/TypDt",
						"title": "Transaction Date"
					},
					"TrTm": {
						"$ref": "#/definitions/domains/TypTm",
						"title": "Transaction Time"
					},
					"TrTyp": {
						"$ref": "#/definitions/domains/TypText80",
						"title": "Transaction Type"
					},
					"TrTypSyst": {
						"$ref": "#/definitions/domains/TypText60",
						"title": "Transaction Type System"
					},
					"TrDscr": {
						"$ref": "#/definitions/domains/TypText1000",
						"title": "Transaction Description"
					},
					"TrQt": {
						"$ref": "#/definitions/domains/TypQt",
						"title": "Transaction Quantity"
					},
					"SuplAcntId": {
						"$ref": "#/definitions/domains/TypId100",
						"title": "Supplier Account ID"
					},
					"CustAcntId": {
						"$ref": "#/definitions/domains/TypId100",
						"title": "Customer Account ID"
					},
					"InvDocId": {
						"$ref": "#/definitions/domains/TypText60",
						"title": "Inventory Document ID"
					},
					"InvDocNr": {
						"$ref": "#/definitions/domains/TypText80",
						"title": "Inventory Document Number"
					},
					"InvDocLnId": {
						"$ref": "#/definitions/domains/TypText60",
						"title": "Inventory Document Line ID"
					},
					"InvDocLnNr": {
						"$ref": "#/definitions/domains/TypText10",
						"title": "Inventory Document Line Number"
					},
					"Stat": {
						"$ref": "#/definitions/domains/TypStatCd",
						"title": "Status"
					},
					"InvOrgCd": {
						"$ref": "#/definitions/domains/TypId25",
						"title": "Inventory Organization Code"
					},
					"InvStckUomCd": {
						"$ref": "#/definitions/domains/TypMeaUnitCd",
						"title": "Inventory Stocking UOM Code"
					},
					"InvCstngUomCd": {
						"$ref": "#/definitions/domains/TypMeaUnitCd",
						"title": "Inventory Costing UOM Code"
					},
					"InvPrdctId": {
						"$ref": "#/definitions/domains/TypId75",
						"title": "Inventory Product ID"
					},
					"LotNr": {
						"$ref": "#/definitions/domains/TypText60",
						"title": "Lot Number"
					},
					"SerialNr": {
						"$ref": "#/definitions/domains/TypText60",
						"title": "Serial Number"
					},
					"InvRequiredBy": {
						"$ref": "#/definitions/domains/TypText80",
						"title": "Inventory Required By"
					},
					"InvFromLctId": {
						"$ref": "#/definitions/domains/TypId75",
						"title": "Inventory From Location ID"
					},
					"InvToLctId": {
						"$ref": "#/definitions/domains/TypId75",
						"title": "Inventory To Location ID"
					},
					"CostOrgCd": {
						"$ref": "#/definitions/domains/TypId25",
						"title": "Cost Organization Code"
					},
					"InvCost": {
						"$ref": "#/definitions/domains/TypAmt",
						"title": "Inventory Cost"
					},
					"TrAdjCost": {
						"$ref": "#/definitions/domains/TypAmt",
						"title": "Transaction Adjustment Cost"
					},
					"FuncCurCd": {
						"$ref": "#/definitions/domains/TypCurCd",
						"title": "Functional Currency Code"
					},
					"InvSystOrExtSrc": {
						"$ref": "#/definitions/domains/TypSrcCd",
						"title": "INV System Or External Source"
					},
					"InvRcvdAndDispedCd": {
						"$ref": "#/definitions/domains/TypInvRcvdDispedCd",
						"title": "INV Received And Dispatched Code"
					},
					"GlLnDbAcntId": {
						"$ref": "#/definitions/domains/TypGlAcntNr100",
						"title": "GL Line Debit Account ID"
					},
					"GlLnCrAcntId": {
						"$ref": "#/definitions/domains/TypGlAcntNr100",
						"title": "GL Line Credit Account ID"
					},
					"Posted": {
						"type": "object",
						"additionalProperties": false,
						"properties": {
							"UserId": {
								"$ref": "#/definitions/domains/TypId25",
								"title": "User ID"
							},
							"Dt": {
								"$ref": "#/definitions/domains/TypDt",
								"title": "Date"
							},
							"Tm": {
								"$ref": "#/definitions/domains/TypTm",
								"title": "Time"
							}
						},
						"required": [ ]
					},
					"Crea": {
						"type": "object",
						"additionalProperties": false,
						"properties": {
							"UserId": {
								"$ref": "#/definitions/domains/TypId25",
								"title": "User ID"
							},
							"Dt": {
								"$ref": "#/definitions/domains/TypDt",
								"title": "Date"
							},
							"Tm": {
								"$ref": "#/definitions/domains/TypTm",
								"title": "Time"
							}
						},
						"required": [ ]
					},
					"Aprv": {
						"type": "object",
						"additionalProperties": false,
						"properties": {
							"UserId": {
								"$ref": "#/definitions/domains/TypId25",
								"title": "User ID"
							},
							"Dt": {
								"$ref": "#/definitions/domains/TypDt",
								"title": "Date"
							},
							"Tm": {
								"$ref": "#/definitions/domains/TypTm",
								"title": "Time"
							}
						},
						"required": [ ]
					},
					"LstMdf": {
						"type": "object",
						"additionalProperties": false,
						"properties": {
							"UserId": {
								"$ref": "#/definitions/domains/TypId25",
								"title": "User ID"
							},
							"Dt": {
								"$ref": "#/definitions/domains/TypDt",
								"title": "Date"
							},
							"Tm": {
								"$ref": "#/definitions/domains/TypTm",
								"title": "Time"
							}
						},
						"required": [ ]
					},
					"BusSg": {
						"type": "array",
						"title": "inv transaction - BUSINESS SEGMENT",
						"minItems": 0,
						"maxItems": 999999,
						"items": {
							"type": "object",
							"additionalProperties": false,
							"properties": {
								"BusSgCd": {
									"$ref": "#/definitions/domains/TypId25",
									"title": "Business Segment Code"
								}
							},
							"required": [ ]
						}
					}
				},
				"required": [ "TrDocId", "TrDocLnId" ]
			}
		}
	},
	"required": [ ],
	"definitions": {
		"domains": {
			"TypAmt": {
				"type": "number", 
				"multipleOf": 0.0001,
				"title": "AMOUNT"
			},
			"TypCurCd": {
				"type": "string", 
				"minLength": 3,
				"maxLength": 3,
				"title": "CURRENCY CODE"
			},
			"TypDt": {
				"type": "string", 
				"minLength": 10,
				"maxLength": 10,
				"pattern": "^\\d{4}-(0[1-9]|1[0-2])-(0[1-9]|[1-2]\\d|3[0-1])$",
				"title": "DATE (CCYY-MM-DD)"
			},
			"TypGlAcntNr100": {
				"type": "string", 
				"maxLength": 100,
				"title": "GL ACCOUNT NUMBER 100"
			},
			"TypId100": {
				"type": "string", 
				"maxLength": 100,
				"title": "IDENTIFIER 100"
			},
			"TypId25": {
				"type": "string", 
				"maxLength": 25,
				"title": "IDENTIFIER 25"
			},
			"TypId60": {
				"type": "string", 
				"maxLength": 60,
				"title": "IDENTIFIER 60"
			},
			"TypId75": {
				"type": "string", 
				"maxLength": 75,
				"title": "IDENTIFIER 75"
			},
			"TypInvRcvdDispedCd": {
				"type": "string", 
				"minLength": 1,
				"maxLength": 1,
				"pattern": "^\\d*$",
				"enum": [
					"0",
					"1"
				],
				"enum_title": [
					"Inventory received",
					"Inventory dispatched"
				],
				"title": "INVENTORY RECEIVED DISPATCHED CODE"
			},
			"TypMeaUnitCd": {
				"type": "string", 
				"maxLength": 80,
				"title": "MEASUREMENT UNIT CODE"
			},
			"TypQt": {
				"type": "number", 
				"multipleOf": 0.0001,
				"title": "QUANTITY"
			},
			"TypSrcCd": {
				"type": "string", 
				"maxLength": 1,
				"enum": [
					"E",
					"I"
				],
				"enum_title": [
					"Externally initiated",
					"Inventory initiated"
				],
				"title": "SOURCE CODE"
			},
			"TypStatCd": {
				"type": "string", 
				"maxLength": 30,
				"title": "STATUS CODE"
			},
			"TypText10": {
				"type": "string", 
				"maxLength": 10,
				"title": "TEXT 10"
			},
			"TypText100": {
				"type": "string", 
				"maxLength": 100,
				"title": "TEXT 100"
			},
			"TypText1000": {
				"type": "string", 
				"maxLength": 1000,
				"title": "TEXT 1000"
			},
			"TypText60": {
				"type": "string", 
				"maxLength": 60,
				"title": "TEXT 60"
			},
			"TypText80": {
				"type": "string", 
				"maxLength": 80,
				"title": "TEXT 80"
			},
			"TypTm": {
				"type": "string", 
				"maxLength": 8,
				"title": "TIME"
			}
		}
	}
}
