{
	"$schema": "http://json-schema.org/draft-06/schema#",
	"$id": "http://schemas.iso.org/AdcsML/Messages/AdcInvOnHand_jsd6-v1",
	"description": "JSON Definition of message hierarchy: ADC INV On Hand v1.0",
	"modelRef": [
		"Message:             ADC INV On Hand v1.0",
		"Message Rev.:        5",
		"Transaction:         AA - Audit Data Collection",
		"Transaction Rev.:    278 - Audit Data Collection",
		"Datamodel:           Audit Data Collection Datamodel, version HEAD",
		"Datamodel Rev.:      379",
		"XML tagset used:     AdcsML",
		"Generated at:        08-06-2021 19:07:47",
		"Generated using:     EC-Design 2.5.0 (http://www.ec-design.nl)",
		"Generated by:        Jan Vrijenhoek (Digitect)",
		"Organisation:        Digitect B.V. (Digitect)",
		"NOTE:    This schema was generated automatically: manual modifications will be lost",
		"NOTE:    Additional rules/conditions regarding the definition may exist, see functional hierarchical specification"
	],
	"type": "object",
	"additionalProperties": false,
	"properties": {
		"InvOnHand": {
			"type": "array",
			"title": "INV ON HAND",
			"minItems": 0,
			"maxItems": 999999,
			"items": {
				"type": "object",
				"additionalProperties": false,
				"properties": {
					"InvId": {
						"$ref": "#/definitions/domains/TypId75",
						"title": "Inventory ID"
					},
					"InvPrdctId": {
						"$ref": "#/definitions/domains/TypId75",
						"title": "Inventory Product ID"
					},
					"LotNr": {
						"$ref": "#/definitions/domains/TypText60",
						"title": "Lot Number"
					},
					"SerialNr": {
						"$ref": "#/definitions/domains/TypText60",
						"title": "Serial Number"
					},
					"InvAbcCd": {
						"$ref": "#/definitions/domains/TypInvAbcCd",
						"title": "Inventory ABC Code"
					},
					"LctId": {
						"$ref": "#/definitions/domains/TypId75",
						"title": "Location ID"
					},
					"InvAsOfDt": {
						"$ref": "#/definitions/domains/TypDt",
						"title": "Inventory As Of Date"
					},
					"InvPurYrtodtQt": {
						"$ref": "#/definitions/domains/TypQt",
						"title": "INV PUR YearToDate Quantity"
					},
					"InvSoldYrtodtQt": {
						"$ref": "#/definitions/domains/TypQt",
						"title": "INV Sold YearToDate Quantity"
					},
					"InvOrgCd": {
						"$ref": "#/definitions/domains/TypId25",
						"title": "Inventory Organization Code"
					},
					"CostOrgCd": {
						"$ref": "#/definitions/domains/TypId25",
						"title": "Cost Organization Code"
					},
					"InvCstngUomCd": {
						"$ref": "#/definitions/domains/TypMeaUnitCd",
						"title": "Inventory Costing UOM Code"
					},
					"InvPrchsngUomCd": {
						"$ref": "#/definitions/domains/TypMeaUnitCd",
						"title": "Inventory Purchasing UOM Code"
					},
					"InvSellingUomCd": {
						"$ref": "#/definitions/domains/TypMeaUnitCd",
						"title": "Inventory Selling UOM Code"
					},
					"InvStckUomCd": {
						"$ref": "#/definitions/domains/TypMeaUnitCd",
						"title": "Inventory Stocking UOM Code"
					},
					"Qt": {
						"$ref": "#/definitions/domains/TypQt",
						"title": "Quantity"
					},
					"SystQt": {
						"$ref": "#/definitions/domains/TypQt",
						"title": "System Quantity"
					},
					"PhysCountQt": {
						"$ref": "#/definitions/domains/TypQt",
						"title": "Physical Count Quantity"
					},
					"LstCountDt": {
						"$ref": "#/definitions/domains/TypDt",
						"title": "Last Count Date"
					},
					"InvListPrice": {
						"$ref": "#/definitions/domains/TypAmt",
						"title": "Inventory List Price"
					},
					"InvCost": {
						"$ref": "#/definitions/domains/TypAmt",
						"title": "Inventory Cost"
					},
					"InvCostMthd": {
						"$ref": "#/definitions/domains/TypText25",
						"title": "Inventory Cost Method"
					},
					"AverageCost": {
						"$ref": "#/definitions/domains/TypAmt",
						"title": "Average Cost"
					},
					"StdCost": {
						"$ref": "#/definitions/domains/TypAmt",
						"title": "Standard Cost"
					},
					"SpecificCost": {
						"$ref": "#/definitions/domains/TypAmt",
						"title": "Specific Cost"
					},
					"FuncCurCd": {
						"$ref": "#/definitions/domains/TypCurCd",
						"title": "Functional Currency Code"
					},
					"BinId": {
						"$ref": "#/definitions/domains/TypText25",
						"title": "Bin ID"
					},
					"BinLct": {
						"$ref": "#/definitions/domains/TypText50",
						"title": "Bin Location"
					},
					"BusSg": {
						"type": "array",
						"title": "inv on hand - BUSINESS SEGMENT",
						"minItems": 0,
						"maxItems": 999999,
						"items": {
							"type": "object",
							"additionalProperties": false,
							"properties": {
								"BusSgCd": {
									"$ref": "#/definitions/domains/TypId25",
									"title": "Business Segment Code"
								}
							},
							"required": [ ]
						}
					}
				},
				"required": [ "InvId", "InvPrdctId" ]
			}
		}
	},
	"required": [ ],
	"definitions": {
		"domains": {
			"TypAmt": {
				"type": "number", 
				"multipleOf": 0.0001,
				"title": "AMOUNT"
			},
			"TypCurCd": {
				"type": "string", 
				"minLength": 3,
				"maxLength": 3,
				"title": "CURRENCY CODE"
			},
			"TypDt": {
				"type": "string", 
				"minLength": 10,
				"maxLength": 10,
				"pattern": "^\\d{4}-(0[1-9]|1[0-2])-(0[1-9]|[1-2]\\d|3[0-1])$",
				"title": "DATE (CCYY-MM-DD)"
			},
			"TypId25": {
				"type": "string", 
				"maxLength": 25,
				"title": "IDENTIFIER 25"
			},
			"TypId75": {
				"type": "string", 
				"maxLength": 75,
				"title": "IDENTIFIER 75"
			},
			"TypInvAbcCd": {
				"type": "string", 
				"maxLength": 25,
				"title": "INVENTORY ABC CODE"
			},
			"TypMeaUnitCd": {
				"type": "string", 
				"maxLength": 80,
				"title": "MEASUREMENT UNIT CODE"
			},
			"TypQt": {
				"type": "number", 
				"multipleOf": 0.0001,
				"title": "QUANTITY"
			},
			"TypText25": {
				"type": "string", 
				"maxLength": 25,
				"title": "TEXT 25"
			},
			"TypText50": {
				"type": "string", 
				"maxLength": 50,
				"title": "TEXT 50"
			},
			"TypText60": {
				"type": "string", 
				"maxLength": 60,
				"title": "TEXT 60"
			}
		}
	}
}
