{
	"$schema": "http://json-schema.org/draft-06/schema#",
	"$id": "http://schemas.iso.org/AdcsML/Messages/AdcInvPeriodBalance_jsd6-v1",
	"description": "JSON Definition of message hierarchy: ADC INV Period Balance v1.0",
	"modelRef": [
		"Message:             ADC INV Period Balance v1.0",
		"Message Rev.:        4",
		"Transaction:         AA - Audit Data Collection",
		"Transaction Rev.:    278 - Audit Data Collection",
		"Datamodel:           Audit Data Collection Datamodel, version HEAD",
		"Datamodel Rev.:      379",
		"XML tagset used:     AdcsML",
		"Generated at:        08-06-2021 19:07:48",
		"Generated using:     EC-Design 2.5.0 (http://www.ec-design.nl)",
		"Generated by:        Jan Vrijenhoek (Digitect)",
		"Organisation:        Digitect B.V. (Digitect)",
		"NOTE:    This schema was generated automatically: manual modifications will be lost",
		"NOTE:    Additional rules/conditions regarding the definition may exist, see functional hierarchical specification"
	],
	"type": "object",
	"additionalProperties": false,
	"properties": {
		"InvPerBal": {
			"type": "array",
			"title": "INV PERIOD BALANCE",
			"minItems": 0,
			"maxItems": 999999,
			"items": {
				"type": "object",
				"additionalProperties": false,
				"properties": {
					"InvPrdctId": {
						"$ref": "#/definitions/domains/TypId75",
						"title": "Inventory Product ID"
					},
					"LctId": {
						"$ref": "#/definitions/domains/TypId75",
						"title": "Location ID"
					},
					"FiscYr": {
						"$ref": "#/definitions/domains/TypYrId",
						"title": "Fiscal Year"
					},
					"AcntingPer": {
						"$ref": "#/definitions/domains/TypPerId",
						"title": "Accounting Period"
					},
					"InvOrgCd": {
						"$ref": "#/definitions/domains/TypId25",
						"title": "Inventory Organization Code"
					},
					"LotNr": {
						"$ref": "#/definitions/domains/TypText60",
						"title": "Lot Number"
					},
					"InvBegQt": {
						"$ref": "#/definitions/domains/TypQt",
						"title": "Inventory Beginning Quantity"
					},
					"InvEndQt": {
						"$ref": "#/definitions/domains/TypQt",
						"title": "Inventory Ending Quantity"
					},
					"InvRcvdQt": {
						"$ref": "#/definitions/domains/TypQt",
						"title": "INV Received Quantity"
					},
					"InvDispedQt": {
						"$ref": "#/definitions/domains/TypQt",
						"title": "INV Dispatched Quantity"
					},
					"InvDbAmt": {
						"$ref": "#/definitions/domains/TypAmt",
						"title": "INV Debit Amount"
					},
					"InvCrAmt": {
						"$ref": "#/definitions/domains/TypAmt",
						"title": "INV Credit Amount"
					},
					"InvBegBal": {
						"$ref": "#/definitions/domains/TypAmt",
						"title": "Inventory Beginning Balance"
					},
					"InvEndBal": {
						"$ref": "#/definitions/domains/TypAmt",
						"title": "Inventory Ending Balance"
					},
					"CostOrgCd": {
						"$ref": "#/definitions/domains/TypId25",
						"title": "Cost Organization Code"
					},
					"InvStckUomCd": {
						"$ref": "#/definitions/domains/TypMeaUnitCd",
						"title": "Inventory Stocking UOM Code"
					},
					"InvCstngUomCd": {
						"$ref": "#/definitions/domains/TypMeaUnitCd",
						"title": "Inventory Costing UOM Code"
					},
					"BusSg": {
						"type": "array",
						"title": "inv period balance - BUSINESS SEGMENT",
						"minItems": 0,
						"maxItems": 999999,
						"items": {
							"type": "object",
							"additionalProperties": false,
							"properties": {
								"BusSgCd": {
									"$ref": "#/definitions/domains/TypId25",
									"title": "Business Segment Code"
								}
							},
							"required": [ ]
						}
					}
				},
				"required": [ "InvPrdctId", "LctId" ]
			}
		}
	},
	"required": [ ],
	"definitions": {
		"domains": {
			"TypAmt": {
				"type": "number", 
				"multipleOf": 0.0001,
				"title": "AMOUNT"
			},
			"TypId25": {
				"type": "string", 
				"maxLength": 25,
				"title": "IDENTIFIER 25"
			},
			"TypId75": {
				"type": "string", 
				"maxLength": 75,
				"title": "IDENTIFIER 75"
			},
			"TypMeaUnitCd": {
				"type": "string", 
				"maxLength": 80,
				"title": "MEASUREMENT UNIT CODE"
			},
			"TypPerId": {
				"type": "string", 
				"maxLength": 15,
				"title": "PERIOD IDENTIFIER"
			},
			"TypQt": {
				"type": "number", 
				"multipleOf": 0.0001,
				"title": "QUANTITY"
			},
			"TypText60": {
				"type": "string", 
				"maxLength": 60,
				"title": "TEXT 60"
			},
			"TypYrId": {
				"type": "integer", 
				"title": "YEAR IDENTIFIER"
			}
		}
	}
}
