{
	"$schema": "http://json-schema.org/draft-06/schema#",
	"$id": "http://schemas.iso.org/AdcsML/Messages/AdcInvPhysicalInventory_jsd6-v1",
	"description": "JSON Definition of message hierarchy: ADC INV Physical Inventory v1.0",
	"modelRef": [
		"Message:             ADC INV Physical Inventory v1.0",
		"Message Rev.:        4",
		"Transaction:         AA - Audit Data Collection",
		"Transaction Rev.:    278 - Audit Data Collection",
		"Datamodel:           Audit Data Collection Datamodel, version HEAD",
		"Datamodel Rev.:      379",
		"XML tagset used:     AdcsML",
		"Generated at:        08-06-2021 19:07:48",
		"Generated using:     EC-Design 2.5.0 (http://www.ec-design.nl)",
		"Generated by:        Jan Vrijenhoek (Digitect)",
		"Organisation:        Digitect B.V. (Digitect)",
		"NOTE:    This schema was generated automatically: manual modifications will be lost",
		"NOTE:    Additional rules/conditions regarding the definition may exist, see functional hierarchical specification"
	],
	"type": "object",
	"additionalProperties": false,
	"properties": {
		"InvPhysInv": {
			"type": "array",
			"title": "INV PHYSICAL INVENTORY",
			"minItems": 0,
			"maxItems": 999999,
			"items": {
				"type": "object",
				"additionalProperties": false,
				"properties": {
					"InvCountShtId": {
						"$ref": "#/definitions/domains/TypId60",
						"title": "Inventory Count Sheet ID"
					},
					"InvCountShtNr": {
						"$ref": "#/definitions/domains/TypText80",
						"title": "Inventory Count Sheet Number"
					},
					"InvCountShtLnId": {
						"$ref": "#/definitions/domains/TypId60",
						"title": "Inventory Count Sheet Line ID"
					},
					"InvCountShtLnNr": {
						"$ref": "#/definitions/domains/TypText10",
						"title": "INV Count Sheet Line Number"
					},
					"InvPrdctId": {
						"$ref": "#/definitions/domains/TypId75",
						"title": "Inventory Product ID"
					},
					"LctId": {
						"$ref": "#/definitions/domains/TypId75",
						"title": "Location ID"
					},
					"InvOrgCd": {
						"$ref": "#/definitions/domains/TypId25",
						"title": "Inventory Organization Code"
					},
					"LotNr": {
						"$ref": "#/definitions/domains/TypText60",
						"title": "Lot Number"
					},
					"SerialNr": {
						"$ref": "#/definitions/domains/TypText60",
						"title": "Serial Number"
					},
					"BinId": {
						"$ref": "#/definitions/domains/TypText25",
						"title": "Bin ID"
					},
					"CountDt": {
						"$ref": "#/definitions/domains/TypDt",
						"title": "Count Date"
					},
					"InvStckUomCd": {
						"$ref": "#/definitions/domains/TypMeaUnitCd",
						"title": "Inventory Stocking UOM Code"
					},
					"SystQt": {
						"$ref": "#/definitions/domains/TypQt",
						"title": "System Quantity"
					},
					"PhisicalCountQt": {
						"$ref": "#/definitions/domains/TypQt",
						"title": "Phisical Count Quantity"
					},
					"Comment": {
						"$ref": "#/definitions/domains/TypText200",
						"title": "Comment"
					},
					"Posted": {
						"type": "object",
						"additionalProperties": false,
						"properties": {
							"UserId": {
								"$ref": "#/definitions/domains/TypId25",
								"title": "User ID"
							},
							"Dt": {
								"$ref": "#/definitions/domains/TypDt",
								"title": "Date"
							},
							"Tm": {
								"$ref": "#/definitions/domains/TypTm",
								"title": "Time"
							}
						},
						"required": [ ]
					},
					"Crea": {
						"type": "object",
						"additionalProperties": false,
						"properties": {
							"UserId": {
								"$ref": "#/definitions/domains/TypId25",
								"title": "User ID"
							},
							"Dt": {
								"$ref": "#/definitions/domains/TypDt",
								"title": "Date"
							},
							"Tm": {
								"$ref": "#/definitions/domains/TypTm",
								"title": "Time"
							}
						},
						"required": [ ]
					},
					"Aprv": {
						"type": "object",
						"additionalProperties": false,
						"properties": {
							"UserId": {
								"$ref": "#/definitions/domains/TypId25",
								"title": "User ID"
							},
							"Dt": {
								"$ref": "#/definitions/domains/TypDt",
								"title": "Date"
							},
							"Tm": {
								"$ref": "#/definitions/domains/TypTm",
								"title": "Time"
							}
						},
						"required": [ ]
					},
					"LstMdf": {
						"type": "object",
						"additionalProperties": false,
						"properties": {
							"UserId": {
								"$ref": "#/definitions/domains/TypId25",
								"title": "User ID"
							},
							"Dt": {
								"$ref": "#/definitions/domains/TypDt",
								"title": "Date"
							},
							"Tm": {
								"$ref": "#/definitions/domains/TypTm",
								"title": "Time"
							}
						},
						"required": [ ]
					},
					"BusSg": {
						"type": "array",
						"title": "inv physical inventory - BUSINESS SEGMENT",
						"minItems": 0,
						"maxItems": 999999,
						"items": {
							"type": "object",
							"additionalProperties": false,
							"properties": {
								"BusSgCd": {
									"$ref": "#/definitions/domains/TypId25",
									"title": "Business Segment Code"
								}
							},
							"required": [ ]
						}
					}
				},
				"required": [ "InvCountShtId", "InvCountShtLnId" ]
			}
		}
	},
	"required": [ ],
	"definitions": {
		"domains": {
			"TypDt": {
				"type": "string", 
				"minLength": 10,
				"maxLength": 10,
				"pattern": "^\\d{4}-(0[1-9]|1[0-2])-(0[1-9]|[1-2]\\d|3[0-1])$",
				"title": "DATE (CCYY-MM-DD)"
			},
			"TypId25": {
				"type": "string", 
				"maxLength": 25,
				"title": "IDENTIFIER 25"
			},
			"TypId60": {
				"type": "string", 
				"maxLength": 60,
				"title": "IDENTIFIER 60"
			},
			"TypId75": {
				"type": "string", 
				"maxLength": 75,
				"title": "IDENTIFIER 75"
			},
			"TypMeaUnitCd": {
				"type": "string", 
				"maxLength": 80,
				"title": "MEASUREMENT UNIT CODE"
			},
			"TypQt": {
				"type": "number", 
				"multipleOf": 0.0001,
				"title": "QUANTITY"
			},
			"TypText10": {
				"type": "string", 
				"maxLength": 10,
				"title": "TEXT 10"
			},
			"TypText200": {
				"type": "string", 
				"maxLength": 200,
				"title": "TEXT 200"
			},
			"TypText25": {
				"type": "string", 
				"maxLength": 25,
				"title": "TEXT 25"
			},
			"TypText60": {
				"type": "string", 
				"maxLength": 60,
				"title": "TEXT 60"
			},
			"TypText80": {
				"type": "string", 
				"maxLength": 80,
				"title": "TEXT 80"
			},
			"TypTm": {
				"type": "string", 
				"maxLength": 8,
				"title": "TIME"
			}
		}
	}
}
