{
	"$schema": "http://json-schema.org/draft-06/schema#",
	"$id": "http://schemas.iso.org/AdcsML/Messages/AdcPurMaterialsReceivedDetails_jsd6-v1",
	"description": "JSON Definition of message hierarchy: ADC PUR Materials Received Details v1.0",
	"modelRef": [
		"Message:             ADC PUR Materials Received Details v1.0",
		"Message Rev.:        5",
		"Transaction:         AA - Audit Data Collection",
		"Transaction Rev.:    278 - Audit Data Collection",
		"Datamodel:           Audit Data Collection Datamodel, version HEAD",
		"Datamodel Rev.:      379",
		"XML tagset used:     AdcsML",
		"Generated at:        08-06-2021 19:04:48",
		"Generated using:     EC-Design 2.5.0 (http://www.ec-design.nl)",
		"Generated by:        Jan Vrijenhoek (Digitect)",
		"Organisation:        Digitect B.V. (Digitect)",
		"NOTE:    This schema was generated automatically: manual modifications will be lost",
		"NOTE:    Additional rules/conditions regarding the definition may exist, see functional hierarchical specification"
	],
	"type": "object",
	"additionalProperties": false,
	"properties": {
		"PurMatRcvdDtls": {
			"type": "array",
			"title": "PUR MATERIALS RECEIVED DETAILS",
			"minItems": 0,
			"maxItems": 999999,
			"items": {
				"type": "object",
				"additionalProperties": false,
				"properties": {
					"RcptId": {
						"$ref": "#/definitions/domains/TypId100",
						"title": "Receipt ID"
					},
					"RcptLnId": {
						"$ref": "#/definitions/domains/TypId60",
						"title": "Receipt Line ID"
					},
					"RcptLnNr": {
						"$ref": "#/definitions/domains/TypText100",
						"title": "Receipt Line Number"
					},
					"PrdctId": {
						"$ref": "#/definitions/domains/TypId75",
						"title": "Product ID"
					},
					"RcptQt": {
						"$ref": "#/definitions/domains/TypQt",
						"title": "Receipt Quantity"
					},
					"RcptUomCd": {
						"$ref": "#/definitions/domains/TypMeaUnitCd",
						"title": "Receipt UOM Code"
					},
					"RcptUnitPrice": {
						"$ref": "#/definitions/domains/TypPrice",
						"title": "Receipt Unit Price"
					},
					"RcptLnTrxAmt": {
						"$ref": "#/definitions/domains/TypAmt",
						"title": "Receipt Line TRX Amount"
					},
					"PurOrdLnId": {
						"$ref": "#/definitions/domains/TypId60",
						"title": "Purchase Order Line ID"
					},
					"PurOrdLnQt": {
						"$ref": "#/definitions/domains/TypQt",
						"title": "Purchase Order Line Quantity"
					},
					"OrdLnUomCd": {
						"$ref": "#/definitions/domains/TypMeaUnitCd",
						"title": "Order Line UOM Code"
					},
					"OrdLnUnitPrice": {
						"$ref": "#/definitions/domains/TypPrice",
						"title": "Order Line Unit Price"
					},
					"OrdLnTrAmt": {
						"$ref": "#/definitions/domains/TypAmt",
						"title": "Order Line Transaction Amount"
					},
					"BusSg": {
						"type": "array",
						"title": "pur materials received details - BUSINESS SEGMENT",
						"minItems": 0,
						"maxItems": 999999,
						"items": {
							"type": "object",
							"additionalProperties": false,
							"properties": {
								"BusSgCd": {
									"$ref": "#/definitions/domains/TypId25",
									"title": "Business Segment Code"
								}
							},
							"required": [ ]
						}
					}
				},
				"required": [ "RcptId", "RcptLnId" ]
			}
		}
	},
	"required": [ ],
	"definitions": {
		"domains": {
			"TypAmt": {
				"type": "number", 
				"multipleOf": 0.0001,
				"title": "AMOUNT"
			},
			"TypId100": {
				"type": "string", 
				"maxLength": 100,
				"title": "IDENTIFIER 100"
			},
			"TypId25": {
				"type": "string", 
				"maxLength": 25,
				"title": "IDENTIFIER 25"
			},
			"TypId60": {
				"type": "string", 
				"maxLength": 60,
				"title": "IDENTIFIER 60"
			},
			"TypId75": {
				"type": "string", 
				"maxLength": 75,
				"title": "IDENTIFIER 75"
			},
			"TypMeaUnitCd": {
				"type": "string", 
				"maxLength": 80,
				"title": "MEASUREMENT UNIT CODE"
			},
			"TypPrice": {
				"type": "number", 
				"multipleOf": 0.00000001,
				"title": "PRICE"
			},
			"TypQt": {
				"type": "number", 
				"multipleOf": 0.0001,
				"title": "QUANTITY"
			},
			"TypText100": {
				"type": "string", 
				"maxLength": 100,
				"title": "TEXT 100"
			}
		}
	}
}
