{
	"PpeChng": [ {
		"ChngId": "CH001",
		"PpeId": "PPE001",
		"FiscYr": 2020,
		"AcntingPer": "M1",
		"TagNr": "PPE001",
		"ChngTypNm": "Removal",
		"ChngDt": "2020-02-15",
		"ChngReason": "Replacement",
		"ContBefChng": "1",
		"ContAftChng": "0",
		"Crea": {
			"UserId": "JD",
			"Dt": "2020-03-02",
			"Tm": "09:31"
		},
		"Aprv": {
			"UserId": "JD",
			"Dt": "2020-03-02",
			"Tm": "09:31"
		},
		"LstMdf": {
			"UserId": "JD",
			"Dt": "2020-03-02",
			"Tm": "09:31"
		},
		"BusSg": [ {
			"BusSgCd": "BS001"
		} ]
	} ]
}
