{
	"$schema": "http://json-schema.org/draft-06/schema#",
	"$id": "http://schemas.iso.org/AdcsML/Messages/AdcPpeDepreciationMethod_jsd6-v1",
	"description": "JSON Definition of message hierarchy: ADC PPE Depreciation Method v1.0",
	"modelRef": [
		"Message:             ADC PPE Depreciation Method v1.0",
		"Message Rev.:        4",
		"Transaction:         AA - Audit Data Collection",
		"Transaction Rev.:    278 - Audit Data Collection",
		"Datamodel:           Audit Data Collection Datamodel, version HEAD",
		"Datamodel Rev.:      379",
		"XML tagset used:     AdcsML",
		"Generated at:        08-06-2021 19:10:27",
		"Generated using:     EC-Design 2.5.0 (http://www.ec-design.nl)",
		"Generated by:        Jan Vrijenhoek (Digitect)",
		"Organisation:        Digitect B.V. (Digitect)",
		"NOTE:    This schema was generated automatically: manual modifications will be lost",
		"NOTE:    Additional rules/conditions regarding the definition may exist, see functional hierarchical specification"
	],
	"type": "object",
	"additionalProperties": false,
	"properties": {
		"PpeDepreMthd": {
			"type": "array",
			"title": "PPE DEPRECIATION METHOD",
			"minItems": 0,
			"maxItems": 999999,
			"items": {
				"type": "object",
				"additionalProperties": false,
				"properties": {
					"DepreMthdId": {
						"$ref": "#/definitions/domains/TypId60",
						"title": "Depreciation Method ID"
					},
					"DepreMthdNm": {
						"$ref": "#/definitions/domains/TypText60",
						"title": "Depreciation Method Name"
					},
					"DepreMthdDscr": {
						"$ref": "#/definitions/domains/TypText1000",
						"title": "Depreciation Method Description"
					},
					"DepreFormula": {
						"$ref": "#/definitions/domains/TypText200",
						"title": "Depreciation Formula"
					},
					"BusSg": {
						"type": "array",
						"title": "ppe depreciation method - BUSINESS SEGMENT",
						"minItems": 0,
						"maxItems": 999999,
						"items": {
							"type": "object",
							"additionalProperties": false,
							"properties": {
								"BusSgCd": {
									"$ref": "#/definitions/domains/TypId25",
									"title": "Business Segment Code"
								}
							},
							"required": [ ]
						}
					}
				},
				"required": [ "DepreMthdId" ]
			}
		}
	},
	"required": [ ],
	"definitions": {
		"domains": {
			"TypId25": {
				"type": "string", 
				"maxLength": 25,
				"title": "IDENTIFIER 25"
			},
			"TypId60": {
				"type": "string", 
				"maxLength": 60,
				"title": "IDENTIFIER 60"
			},
			"TypText1000": {
				"type": "string", 
				"maxLength": 1000,
				"title": "TEXT 1000"
			},
			"TypText200": {
				"type": "string", 
				"maxLength": 200,
				"title": "TEXT 200"
			},
			"TypText60": {
				"type": "string", 
				"maxLength": 60,
				"title": "TEXT 60"
			}
		}
	}
}
