{
	"$schema": "http://json-schema.org/draft-06/schema#",
	"$id": "http://schemas.iso.org/AdcsML/Messages/AdcPpeDepartmentAllocation_jsd6-v1",
	"description": "JSON Definition of message hierarchy: ADC PPE Department Allocation v1.0",
	"modelRef": [
		"Message:             ADC PPE Department Allocation v1.0",
		"Message Rev.:        4",
		"Transaction:         AA - Audit Data Collection",
		"Transaction Rev.:    278 - Audit Data Collection",
		"Datamodel:           Audit Data Collection Datamodel, version HEAD",
		"Datamodel Rev.:      379",
		"XML tagset used:     AdcsML",
		"Generated at:        08-06-2021 19:10:27",
		"Generated using:     EC-Design 2.5.0 (http://www.ec-design.nl)",
		"Generated by:        Jan Vrijenhoek (Digitect)",
		"Organisation:        Digitect B.V. (Digitect)",
		"NOTE:    This schema was generated automatically: manual modifications will be lost",
		"NOTE:    Additional rules/conditions regarding the definition may exist, see functional hierarchical specification"
	],
	"type": "object",
	"additionalProperties": false,
	"properties": {
		"PpeDepAlloc": {
			"type": "array",
			"title": "PPE DEPARTMENT ALLOCATION",
			"minItems": 0,
			"maxItems": 999999,
			"items": {
				"type": "object",
				"additionalProperties": false,
				"properties": {
					"PpeId": {
						"$ref": "#/definitions/domains/TypId100",
						"title": "PPE ID"
					},
					"DepreAllocProp": {
						"$ref": "#/definitions/domains/TypPerc",
						"title": "Depreciation Allocation Proportion"
					},
					"DepCd": {
						"$ref": "#/definitions/domains/TypId25",
						"title": "Department Code"
					},
					"BusSg": {
						"type": "array",
						"title": "ppe department allocation - BUSINESS SEGMENT",
						"minItems": 0,
						"maxItems": 999999,
						"items": {
							"type": "object",
							"additionalProperties": false,
							"properties": {
								"BusSgCd": {
									"$ref": "#/definitions/domains/TypId25",
									"title": "Business Segment Code"
								}
							},
							"required": [ ]
						}
					}
				},
				"required": [ "PpeId" ]
			}
		}
	},
	"required": [ ],
	"definitions": {
		"domains": {
			"TypId100": {
				"type": "string", 
				"maxLength": 100,
				"title": "IDENTIFIER 100"
			},
			"TypId25": {
				"type": "string", 
				"maxLength": 25,
				"title": "IDENTIFIER 25"
			},
			"TypPerc": {
				"type": "number", 
				"multipleOf": 0.0001,
				"title": "PERCENTAGE"
			}
		}
	}
}
