{
	"PurMatRcvd": [ {
		"RcptId": "RC1234",
		"RcptNr": "123456789",
		"FiscYr": 2020,
		"AcntingPer": "M1",
		"RcptOrgCd": "BS001",
		"RcptDt": "2020-02-29",
		"RcptRefNr": "123456789",
		"RcptTrAmt": 10000.0000,
		"RcptTrCurCd": "USD",
		"ShpngMthd": "Air",
		"Shipper": "International Post",
		"AdjInd": "0",
		"AdjDscr": "Final delivery.",
		"SuplAcntId": "S00001",
		"PurOrdId": "ORDER1234",
		"Crea": {
			"UserId": "JD",
			"Dt": "2020-03-02",
			"Tm": "09:31"
		},
		"Aprv": {
			"UserId": "JD",
			"Dt": "2020-03-02",
			"Tm": "09:31"
		},
		"LstMdf": {
			"UserId": "JD",
			"Dt": "2020-03-02",
			"Tm": "09:31"
		},
		"BusSg": [ {
			"BusSgCd": "BS001"
		} ]
	} ]
}
