{
	"$schema": "http://json-schema.org/draft-06/schema#",
	"$id": "http://schemas.iso.org/AdcsML/Messages/AdcPurOrders_jsd6-v1",
	"description": "JSON Definition of message hierarchy: ADC PUR Orders v1.0",
	"modelRef": [
		"Message:             ADC PUR Orders v1.0",
		"Message Rev.:        5",
		"Transaction:         AA - Audit Data Collection",
		"Transaction Rev.:    278 - Audit Data Collection",
		"Datamodel:           Audit Data Collection Datamodel, version HEAD",
		"Datamodel Rev.:      379",
		"XML tagset used:     AdcsML",
		"Generated at:        08-06-2021 19:04:46",
		"Generated using:     EC-Design 2.5.0 (http://www.ec-design.nl)",
		"Generated by:        Jan Vrijenhoek (Digitect)",
		"Organisation:        Digitect B.V. (Digitect)",
		"NOTE:    This schema was generated automatically: manual modifications will be lost",
		"NOTE:    Additional rules/conditions regarding the definition may exist, see functional hierarchical specification"
	],
	"type": "object",
	"additionalProperties": false,
	"properties": {
		"PurOrd": {
			"type": "array",
			"title": "PUR ORDER",
			"minItems": 0,
			"maxItems": 999999,
			"items": {
				"type": "object",
				"additionalProperties": false,
				"properties": {
					"OrdId": {
						"$ref": "#/definitions/domains/TypId100",
						"title": "Order ID"
					},
					"OrdNr": {
						"$ref": "#/definitions/domains/TypId100",
						"title": "Order Number"
					},
					"FiscYr": {
						"$ref": "#/definitions/domains/TypYrId",
						"title": "Fiscal Year"
					},
					"AcntingPer": {
						"$ref": "#/definitions/domains/TypPerId",
						"title": "Accounting Period"
					},
					"OrdTypNm": {
						"$ref": "#/definitions/domains/TypText80",
						"title": "Order Type Name"
					},
					"OrdDt": {
						"$ref": "#/definitions/domains/TypDt",
						"title": "Order Date"
					},
					"OrgCd": {
						"$ref": "#/definitions/domains/TypId25",
						"title": "Organization Code"
					},
					"PurrId": {
						"$ref": "#/definitions/domains/TypId60",
						"title": "Purchaser ID"
					},
					"SuplAcntId": {
						"$ref": "#/definitions/domains/TypId100",
						"title": "Supplier Account ID"
					},
					"SetlMthdCd": {
						"$ref": "#/definitions/domains/TypId60",
						"title": "Settlement Method Code"
					},
					"PayTermCd": {
						"$ref": "#/definitions/domains/TypPayTermCd",
						"title": "Payment Term Code"
					},
					"OrdTrAmt": {
						"$ref": "#/definitions/domains/TypAmt",
						"title": "Order Transaction Amount"
					},
					"OrdTrCurCd": {
						"$ref": "#/definitions/domains/TypCurCd",
						"title": "Order Transaction CUR Code"
					},
					"Stat": {
						"$ref": "#/definitions/domains/TypStatCd",
						"title": "Status"
					},
					"Rmrk": {
						"$ref": "#/definitions/domains/TypText500",
						"title": "Remark"
					},
					"Crea": {
						"type": "object",
						"additionalProperties": false,
						"properties": {
							"UserId": {
								"$ref": "#/definitions/domains/TypId25",
								"title": "User ID"
							},
							"Dt": {
								"$ref": "#/definitions/domains/TypDt",
								"title": "Date"
							},
							"Tm": {
								"$ref": "#/definitions/domains/TypTm",
								"title": "Time"
							}
						},
						"required": [ ]
					},
					"Aprv": {
						"type": "object",
						"additionalProperties": false,
						"properties": {
							"UserId": {
								"$ref": "#/definitions/domains/TypId25",
								"title": "User ID"
							},
							"Dt": {
								"$ref": "#/definitions/domains/TypDt",
								"title": "Date"
							},
							"Tm": {
								"$ref": "#/definitions/domains/TypTm",
								"title": "Time"
							}
						},
						"required": [ ]
					},
					"LstMdf": {
						"type": "object",
						"additionalProperties": false,
						"properties": {
							"UserId": {
								"$ref": "#/definitions/domains/TypId25",
								"title": "User ID"
							},
							"Dt": {
								"$ref": "#/definitions/domains/TypDt",
								"title": "Date"
							},
							"Tm": {
								"$ref": "#/definitions/domains/TypTm",
								"title": "Time"
							}
						},
						"required": [ ]
					},
					"BusSg": {
						"type": "array",
						"title": "pur order - BUSINESS SEGMENT",
						"minItems": 0,
						"maxItems": 999999,
						"items": {
							"type": "object",
							"additionalProperties": false,
							"properties": {
								"BusSgCd": {
									"$ref": "#/definitions/domains/TypId25",
									"title": "Business Segment Code"
								}
							},
							"required": [ ]
						}
					}
				},
				"required": [ "OrdId" ]
			}
		}
	},
	"required": [ ],
	"definitions": {
		"domains": {
			"TypAmt": {
				"type": "number", 
				"multipleOf": 0.0001,
				"title": "AMOUNT"
			},
			"TypCurCd": {
				"type": "string", 
				"minLength": 3,
				"maxLength": 3,
				"title": "CURRENCY CODE"
			},
			"TypDt": {
				"type": "string", 
				"minLength": 10,
				"maxLength": 10,
				"pattern": "^\\d{4}-(0[1-9]|1[0-2])-(0[1-9]|[1-2]\\d|3[0-1])$",
				"title": "DATE (CCYY-MM-DD)"
			},
			"TypId100": {
				"type": "string", 
				"maxLength": 100,
				"title": "IDENTIFIER 100"
			},
			"TypId25": {
				"type": "string", 
				"maxLength": 25,
				"title": "IDENTIFIER 25"
			},
			"TypId60": {
				"type": "string", 
				"maxLength": 60,
				"title": "IDENTIFIER 60"
			},
			"TypPayTermCd": {
				"type": "string", 
				"maxLength": 80,
				"title": "PAYMENT TERM CODE"
			},
			"TypPerId": {
				"type": "string", 
				"maxLength": 15,
				"title": "PERIOD IDENTIFIER"
			},
			"TypStatCd": {
				"type": "string", 
				"maxLength": 30,
				"title": "STATUS CODE"
			},
			"TypText500": {
				"type": "string", 
				"maxLength": 500,
				"title": "TEXT 500"
			},
			"TypText80": {
				"type": "string", 
				"maxLength": 80,
				"title": "TEXT 80"
			},
			"TypTm": {
				"type": "string", 
				"maxLength": 8,
				"title": "TIME"
			},
			"TypYrId": {
				"type": "integer", 
				"title": "YEAR IDENTIFIER"
			}
		}
	}
}
