{
	"$schema": "http://json-schema.org/draft-06/schema#",
	"$id": "http://schemas.iso.org/AdcsML/Messages/AdcPurInvoicesReceived_jsd6-v1",
	"description": "JSON Definition of message hierarchy: ADC PUR Invoices Received v1.0",
	"modelRef": [
		"Message:             ADC PUR Invoices Received v1.0",
		"Message Rev.:        4",
		"Transaction:         AA - Audit Data Collection",
		"Transaction Rev.:    278 - Audit Data Collection",
		"Datamodel:           Audit Data Collection Datamodel, version HEAD",
		"Datamodel Rev.:      379",
		"XML tagset used:     AdcsML",
		"Generated at:        08-06-2021 19:04:47",
		"Generated using:     EC-Design 2.5.0 (http://www.ec-design.nl)",
		"Generated by:        Jan Vrijenhoek (Digitect)",
		"Organisation:        Digitect B.V. (Digitect)",
		"NOTE:    This schema was generated automatically: manual modifications will be lost",
		"NOTE:    Additional rules/conditions regarding the definition may exist, see functional hierarchical specification"
	],
	"type": "object",
	"additionalProperties": false,
	"properties": {
		"PurInvoiRcvd": {
			"type": "array",
			"title": "PUR INVOICE RECEIVED",
			"minItems": 0,
			"maxItems": 999999,
			"items": {
				"type": "object",
				"additionalProperties": false,
				"properties": {
					"InvoiId": {
						"$ref": "#/definitions/domains/TypId60",
						"title": "Invoice ID"
					},
					"InvoiNr": {
						"$ref": "#/definitions/domains/TypText100",
						"title": "Invoice Number"
					},
					"FiscYr": {
						"$ref": "#/definitions/domains/TypYrId",
						"title": "Fiscal Year"
					},
					"AcntingPer": {
						"$ref": "#/definitions/domains/TypPerId",
						"title": "Accounting Period"
					},
					"OfficialInvoiCd": {
						"$ref": "#/definitions/domains/TypText25",
						"title": "Official Invoice Code"
					},
					"InvoiTypNm": {
						"$ref": "#/definitions/domains/TypText60",
						"title": "Invoice Type Name"
					},
					"InvoiDt": {
						"$ref": "#/definitions/domains/TypDt",
						"title": "Invoice Date"
					},
					"InvoiDueDt": {
						"$ref": "#/definitions/domains/TypDt",
						"title": "Invoice Due Date"
					},
					"SuplAcntId": {
						"$ref": "#/definitions/domains/TypId100",
						"title": "Supplier Account ID"
					},
					"SetlOrgCd": {
						"$ref": "#/definitions/domains/TypId25",
						"title": "Settlement Organization Code"
					},
					"SetlMthdCd": {
						"$ref": "#/definitions/domains/TypId60",
						"title": "Settlement Method Code"
					},
					"InvoiTrAmt": {
						"$ref": "#/definitions/domains/TypAmt",
						"title": "Invoice Transaction Amount"
					},
					"InvoiTrCurCd": {
						"$ref": "#/definitions/domains/TypCurCd",
						"title": "Invoice Transaction CUR Code"
					},
					"PayTermCd": {
						"$ref": "#/definitions/domains/TypPayTermCd",
						"title": "Payment Term Code"
					},
					"TrmsDscntPerc": {
						"$ref": "#/definitions/domains/TypPerc",
						"title": "Terms Discount Percentage"
					},
					"TrmsDscntDays": {
						"$ref": "#/definitions/domains/TypNr6",
						"title": "Terms Discount Days"
					},
					"TrmsDueDays": {
						"$ref": "#/definitions/domains/TypNr6",
						"title": "Terms Due Days"
					},
					"GrpCd": {
						"$ref": "#/definitions/domains/TypText100",
						"title": "Grouping Code"
					},
					"Stat": {
						"$ref": "#/definitions/domains/TypStatCd",
						"title": "Status"
					},
					"Rmrk": {
						"$ref": "#/definitions/domains/TypText500",
						"title": "Remark"
					},
					"Tax": {
						"type": "array",
						"title": "pur invoice received - TAX",
						"minItems": 0,
						"maxItems": 4,
						"items": {
							"type": "object",
							"additionalProperties": false,
							"properties": {
								"TaxTypCd": {
									"$ref": "#/definitions/domains/TypTaxTypCd",
									"title": "Tax Type Code"
								},
								"TaxTrAmt": {
									"$ref": "#/definitions/domains/TypAmt",
									"title": "Tax Transaction Amount"
								}
							},
							"required": [ ]
						}
					},
					"Crea": {
						"type": "object",
						"additionalProperties": false,
						"properties": {
							"UserId": {
								"$ref": "#/definitions/domains/TypId25",
								"title": "User ID"
							},
							"Dt": {
								"$ref": "#/definitions/domains/TypDt",
								"title": "Date"
							},
							"Tm": {
								"$ref": "#/definitions/domains/TypTm",
								"title": "Time"
							}
						},
						"required": [ ]
					},
					"Aprv": {
						"type": "object",
						"additionalProperties": false,
						"properties": {
							"UserId": {
								"$ref": "#/definitions/domains/TypId25",
								"title": "User ID"
							},
							"Dt": {
								"$ref": "#/definitions/domains/TypDt",
								"title": "Date"
							},
							"Tm": {
								"$ref": "#/definitions/domains/TypTm",
								"title": "Time"
							}
						},
						"required": [ ]
					},
					"LstMdf": {
						"type": "object",
						"additionalProperties": false,
						"properties": {
							"UserId": {
								"$ref": "#/definitions/domains/TypId25",
								"title": "User ID"
							},
							"Dt": {
								"$ref": "#/definitions/domains/TypDt",
								"title": "Date"
							},
							"Tm": {
								"$ref": "#/definitions/domains/TypTm",
								"title": "Time"
							}
						},
						"required": [ ]
					},
					"BusSg": {
						"type": "array",
						"title": "pur invoice received - BUSINESS SEGMENT",
						"minItems": 0,
						"maxItems": 999999,
						"items": {
							"type": "object",
							"additionalProperties": false,
							"properties": {
								"BusSgCd": {
									"$ref": "#/definitions/domains/TypId25",
									"title": "Business Segment Code"
								}
							},
							"required": [ ]
						}
					}
				},
				"required": [ "InvoiId", "Crea" ]
			}
		}
	},
	"required": [ ],
	"definitions": {
		"domains": {
			"TypAmt": {
				"type": "number", 
				"multipleOf": 0.0001,
				"title": "AMOUNT"
			},
			"TypCurCd": {
				"type": "string", 
				"minLength": 3,
				"maxLength": 3,
				"title": "CURRENCY CODE"
			},
			"TypDt": {
				"type": "string", 
				"minLength": 10,
				"maxLength": 10,
				"pattern": "^\\d{4}-(0[1-9]|1[0-2])-(0[1-9]|[1-2]\\d|3[0-1])$",
				"title": "DATE (CCYY-MM-DD)"
			},
			"TypId100": {
				"type": "string", 
				"maxLength": 100,
				"title": "IDENTIFIER 100"
			},
			"TypId25": {
				"type": "string", 
				"maxLength": 25,
				"title": "IDENTIFIER 25"
			},
			"TypId60": {
				"type": "string", 
				"maxLength": 60,
				"title": "IDENTIFIER 60"
			},
			"TypNr6": {
				"type": "integer", 
				"title": "NUMBER 6"
			},
			"TypPayTermCd": {
				"type": "string", 
				"maxLength": 80,
				"title": "PAYMENT TERM CODE"
			},
			"TypPerId": {
				"type": "string", 
				"maxLength": 15,
				"title": "PERIOD IDENTIFIER"
			},
			"TypPerc": {
				"type": "number", 
				"multipleOf": 0.0001,
				"title": "PERCENTAGE"
			},
			"TypStatCd": {
				"type": "string", 
				"maxLength": 30,
				"title": "STATUS CODE"
			},
			"TypTaxTypCd": {
				"type": "string", 
				"maxLength": 25,
				"title": "TAX TYPE CODE"
			},
			"TypText100": {
				"type": "string", 
				"maxLength": 100,
				"title": "TEXT 100"
			},
			"TypText25": {
				"type": "string", 
				"maxLength": 25,
				"title": "TEXT 25"
			},
			"TypText500": {
				"type": "string", 
				"maxLength": 500,
				"title": "TEXT 500"
			},
			"TypText60": {
				"type": "string", 
				"maxLength": 60,
				"title": "TEXT 60"
			},
			"TypTm": {
				"type": "string", 
				"maxLength": 8,
				"title": "TIME"
			},
			"TypYrId": {
				"type": "integer", 
				"title": "YEAR IDENTIFIER"
			}
		}
	}
}
