{
	"$schema": "http://json-schema.org/draft-06/schema#",
	"$id": "http://schemas.iso.org/AdcsML/Messages/AdcPurRequisitionsDetails_jsd6-v1",
	"description": "JSON Definition of message hierarchy: ADC PUR Requisitions Details v1.0",
	"modelRef": [
		"Message:             ADC PUR Requisitions Details v1.0",
		"Message Rev.:        6",
		"Transaction:         AA - Audit Data Collection",
		"Transaction Rev.:    278 - Audit Data Collection",
		"Datamodel:           Audit Data Collection Datamodel, version HEAD",
		"Datamodel Rev.:      379",
		"XML tagset used:     AdcsML",
		"Generated at:        08-06-2021 19:04:44",
		"Generated using:     EC-Design 2.5.0 (http://www.ec-design.nl)",
		"Generated by:        Jan Vrijenhoek (Digitect)",
		"Organisation:        Digitect B.V. (Digitect)",
		"NOTE:    This schema was generated automatically: manual modifications will be lost",
		"NOTE:    Additional rules/conditions regarding the definition may exist, see functional hierarchical specification"
	],
	"type": "object",
	"additionalProperties": false,
	"properties": {
		"PurRqstnDtls": {
			"type": "array",
			"title": "PUR REQUISITION DETAILS",
			"minItems": 0,
			"maxItems": 999999,
			"items": {
				"type": "object",
				"additionalProperties": false,
				"properties": {
					"RqstnId": {
						"$ref": "#/definitions/domains/TypId60",
						"title": "Requisition ID"
					},
					"RqstnLnId": {
						"$ref": "#/definitions/domains/TypId60",
						"title": "Requisition Line ID"
					},
					"RqstnLnNr": {
						"$ref": "#/definitions/domains/TypText10",
						"title": "Requisition Line Number"
					},
					"PrdctId": {
						"$ref": "#/definitions/domains/TypId75",
						"title": "Product ID"
					},
					"RqstnDueDt": {
						"$ref": "#/definitions/domains/TypDt",
						"title": "Requisition Due Date"
					},
					"RqstnQt": {
						"$ref": "#/definitions/domains/TypQt",
						"title": "Requisition Quantity"
					},
					"AprvQt": {
						"$ref": "#/definitions/domains/TypQt",
						"title": "Approved Quantity"
					},
					"PurUomCd": {
						"$ref": "#/definitions/domains/TypMeaUnitCd",
						"title": "Purchase UOM Code"
					},
					"ProjId": {
						"$ref": "#/definitions/domains/TypId60",
						"title": "Project ID"
					},
					"SuplAcntId": {
						"$ref": "#/definitions/domains/TypId100",
						"title": "Supplier Account ID"
					},
					"PurOrgCd": {
						"$ref": "#/definitions/domains/TypId25",
						"title": "Purchase Organization Code"
					},
					"RqstnOrgCd": {
						"$ref": "#/definitions/domains/TypId25",
						"title": "Requisition Organization Code"
					},
					"Stat": {
						"$ref": "#/definitions/domains/TypStatCd",
						"title": "Status"
					},
					"BusSg": {
						"type": "array",
						"title": "pur requisition details - BUSINESS SEGMENT",
						"minItems": 0,
						"maxItems": 999999,
						"items": {
							"type": "object",
							"additionalProperties": false,
							"properties": {
								"BusSgCd": {
									"$ref": "#/definitions/domains/TypId25",
									"title": "Business Segment Code"
								}
							},
							"required": [ ]
						}
					}
				},
				"required": [ "RqstnId", "RqstnLnId" ]
			}
		}
	},
	"required": [ ],
	"definitions": {
		"domains": {
			"TypDt": {
				"type": "string", 
				"minLength": 10,
				"maxLength": 10,
				"pattern": "^\\d{4}-(0[1-9]|1[0-2])-(0[1-9]|[1-2]\\d|3[0-1])$",
				"title": "DATE (CCYY-MM-DD)"
			},
			"TypId100": {
				"type": "string", 
				"maxLength": 100,
				"title": "IDENTIFIER 100"
			},
			"TypId25": {
				"type": "string", 
				"maxLength": 25,
				"title": "IDENTIFIER 25"
			},
			"TypId60": {
				"type": "string", 
				"maxLength": 60,
				"title": "IDENTIFIER 60"
			},
			"TypId75": {
				"type": "string", 
				"maxLength": 75,
				"title": "IDENTIFIER 75"
			},
			"TypMeaUnitCd": {
				"type": "string", 
				"maxLength": 80,
				"title": "MEASUREMENT UNIT CODE"
			},
			"TypQt": {
				"type": "number", 
				"multipleOf": 0.0001,
				"title": "QUANTITY"
			},
			"TypStatCd": {
				"type": "string", 
				"maxLength": 30,
				"title": "STATUS CODE"
			},
			"TypText10": {
				"type": "string", 
				"maxLength": 10,
				"title": "TEXT 10"
			}
		}
	}
}
