{
	"SalOrdDtls": [ {
		"OrdId": "ORD001",
		"OrdLnId": "1",
		"OrdLnNr": "1",
		"ContrId": "C001",
		"ContrLnId": "1",
		"PayerId": "C00001",
		"SetlOrgCd": "BS001",
		"DispOrgCd": "BS001",
		"DueDt": "2020-02-29",
		"BasicUomQt": 100.0000,
		"BasicUomCd": "KG",
		"OrdLnQt": 100.0000,
		"OrdLnUomCd": "KG",
		"TaxExclUnitPrice": 80.00000000,
		"TaxInclUnitPrice": 100.00000000,
		"TaxExclAmt": 8000.0000,
		"TaxInclAmt": 10000.0000,
		"PrdctId": "PRD001",
		"OrdLnTrAmt": 10000.0000,
		"Stat": "NEW",
		"Tax": [ {
			"TaxTypCd": "TAX01",
			"TaxTrAmt": 200.0000
		} ],
		"BusSg": [ {
			"BusSgCd": "BS001"
		} ]
	} ]
}
