{
	"SalInvoiGenDtls": [ {
		"InvoiId": "I001",
		"InvoiLnId": "1",
		"InvoiLnNr": "1",
		"OrdId": "ORD001",
		"OrdLnId": "1",
		"PrdctId": "PRD001",
		"BasicUomQt": 100.0000,
		"BasicUomCd": "KG",
		"InvoiQt": 100.0000,
		"UomCd": "KG",
		"TaxExclUnitPrice": 80.00000000,
		"TaxInclUnitPrice": 100.00000000,
		"TaxExclAmt": 8000.0000,
		"TaxInclAmt": 10000.0000,
		"InvoiLnTrAmt": 10000.0000,
		"GrpCd": "GR1",
		"GlLnDbAcntNr": "ACC123456789",
		"GlLnCrAcntNr": "ACC123456789",
		"Tax": [ {
			"TaxTypCd": "TAX01",
			"TaxTrAmt": 200.0000,
			"GlTaxDbAcntNr": "ACC123456789",
			"GlTaxCrAcntNr": "ACC123456789"
		} ],
		"BusSg": [ {
			"BusSgCd": "BS001"
		} ]
	} ]
}
