{
	"$schema": "http://json-schema.org/draft-06/schema#",
	"$id": "http://schemas.iso.org/AdcsML/Messages/AdcSalContracts_jsd6-v1",
	"description": "JSON Definition of message hierarchy: ADC SAL Contracts v1.0",
	"modelRef": [
		"Message:             ADC SAL Contracts v1.0",
		"Message Rev.:        5",
		"Transaction:         AA - Audit Data Collection",
		"Transaction Rev.:    278 - Audit Data Collection",
		"Datamodel:           Audit Data Collection Datamodel, version HEAD",
		"Datamodel Rev.:      379",
		"XML tagset used:     AdcsML",
		"Generated at:        08-06-2021 18:59:44",
		"Generated using:     EC-Design 2.5.0 (http://www.ec-design.nl)",
		"Generated by:        Jan Vrijenhoek (Digitect)",
		"Organisation:        Digitect B.V. (Digitect)",
		"NOTE:    This schema was generated automatically: manual modifications will be lost",
		"NOTE:    Additional rules/conditions regarding the definition may exist, see functional hierarchical specification"
	],
	"type": "object",
	"additionalProperties": false,
	"properties": {
		"SalContr": {
			"type": "array",
			"title": "SAL CONTRACT",
			"minItems": 0,
			"maxItems": 999999,
			"items": {
				"type": "object",
				"additionalProperties": false,
				"properties": {
					"ContrId": {
						"$ref": "#/definitions/domains/TypId60",
						"title": "Contract ID"
					},
					"ContrNr": {
						"$ref": "#/definitions/domains/TypText80",
						"title": "Contract Number"
					},
					"ContrTypNm": {
						"$ref": "#/definitions/domains/TypText80",
						"title": "Contract Type Name"
					},
					"ContrBegDt": {
						"$ref": "#/definitions/domains/TypDt",
						"title": "Contract Beginning Date"
					},
					"ContrEndDt": {
						"$ref": "#/definitions/domains/TypDt",
						"title": "Contract Ending Date"
					},
					"CustAcntId": {
						"$ref": "#/definitions/domains/TypId100",
						"title": "Customer Account ID"
					},
					"SalOrgCd": {
						"$ref": "#/definitions/domains/TypId25",
						"title": "Sales Organization Code"
					},
					"SalprsnId": {
						"$ref": "#/definitions/domains/TypId60",
						"title": "Salesperson ID"
					},
					"SetlMthdCd": {
						"$ref": "#/definitions/domains/TypId60",
						"title": "Settlement Method Code"
					},
					"PayTermCd": {
						"$ref": "#/definitions/domains/TypPayTermCd",
						"title": "Payment Term Code"
					},
					"ContrTrCurCd": {
						"$ref": "#/definitions/domains/TypCurCd",
						"title": "Contract Transaction CUR Code"
					},
					"Stat": {
						"$ref": "#/definitions/domains/TypStatCd",
						"title": "Status"
					},
					"Rmrk": {
						"$ref": "#/definitions/domains/TypText500",
						"title": "Remark"
					},
					"Crea": {
						"type": "object",
						"additionalProperties": false,
						"properties": {
							"UserId": {
								"$ref": "#/definitions/domains/TypId25",
								"title": "User ID"
							},
							"Dt": {
								"$ref": "#/definitions/domains/TypDt",
								"title": "Date"
							}
						},
						"required": [ ]
					},
					"Aprv": {
						"type": "object",
						"additionalProperties": false,
						"properties": {
							"UserId": {
								"$ref": "#/definitions/domains/TypId25",
								"title": "User ID"
							}
						},
						"required": [ ]
					},
					"BusSg": {
						"type": "array",
						"title": "sal contract - BUSINESS SEGMENT",
						"minItems": 0,
						"maxItems": 999999,
						"items": {
							"type": "object",
							"additionalProperties": false,
							"properties": {
								"BusSgCd": {
									"$ref": "#/definitions/domains/TypId25",
									"title": "Business Segment Code"
								}
							},
							"required": [ ]
						}
					}
				},
				"required": [ "ContrId" ]
			}
		}
	},
	"required": [ ],
	"definitions": {
		"domains": {
			"TypCurCd": {
				"type": "string", 
				"minLength": 3,
				"maxLength": 3,
				"title": "CURRENCY CODE"
			},
			"TypDt": {
				"type": "string", 
				"minLength": 10,
				"maxLength": 10,
				"pattern": "^\\d{4}-(0[1-9]|1[0-2])-(0[1-9]|[1-2]\\d|3[0-1])$",
				"title": "DATE (CCYY-MM-DD)"
			},
			"TypId100": {
				"type": "string", 
				"maxLength": 100,
				"title": "IDENTIFIER 100"
			},
			"TypId25": {
				"type": "string", 
				"maxLength": 25,
				"title": "IDENTIFIER 25"
			},
			"TypId60": {
				"type": "string", 
				"maxLength": 60,
				"title": "IDENTIFIER 60"
			},
			"TypPayTermCd": {
				"type": "string", 
				"maxLength": 80,
				"title": "PAYMENT TERM CODE"
			},
			"TypStatCd": {
				"type": "string", 
				"maxLength": 30,
				"title": "STATUS CODE"
			},
			"TypText500": {
				"type": "string", 
				"maxLength": 500,
				"title": "TEXT 500"
			},
			"TypText80": {
				"type": "string", 
				"maxLength": 80,
				"title": "TEXT 80"
			}
		}
	}
}
