{
	"$schema": "http://json-schema.org/draft-06/schema#",
	"$id": "http://schemas.iso.org/AdcsML/Messages/AdcSalShipmentsMadeDetails_jsd6-v1",
	"description": "JSON Definition of message hierarchy: ADC SAL Shipments Made Details v1.0",
	"modelRef": [
		"Message:             ADC SAL Shipments Made Details v1.0",
		"Message Rev.:        6",
		"Transaction:         AA - Audit Data Collection",
		"Transaction Rev.:    278 - Audit Data Collection",
		"Datamodel:           Audit Data Collection Datamodel, version HEAD",
		"Datamodel Rev.:      379",
		"XML tagset used:     AdcsML",
		"Generated at:        08-06-2021 18:59:47",
		"Generated using:     EC-Design 2.5.0 (http://www.ec-design.nl)",
		"Generated by:        Jan Vrijenhoek (Digitect)",
		"Organisation:        Digitect B.V. (Digitect)",
		"NOTE:    This schema was generated automatically: manual modifications will be lost",
		"NOTE:    Additional rules/conditions regarding the definition may exist, see functional hierarchical specification"
	],
	"type": "object",
	"additionalProperties": false,
	"properties": {
		"SalShpMadeDtls": {
			"type": "array",
			"title": "SAL SHIPMENT MADE DETAILS",
			"minItems": 0,
			"maxItems": 999999,
			"items": {
				"type": "object",
				"additionalProperties": false,
				"properties": {
					"ShpId": {
						"$ref": "#/definitions/domains/TypId100",
						"title": "Shipment ID"
					},
					"ShpDocLnId": {
						"$ref": "#/definitions/domains/TypId100",
						"title": "Shipment Document Line ID"
					},
					"ShpDocLnNr": {
						"$ref": "#/definitions/domains/TypText10",
						"title": "Shipment Document Line Number"
					},
					"PrdctId": {
						"$ref": "#/definitions/domains/TypId75",
						"title": "Product ID"
					},
					"ShpngQt": {
						"$ref": "#/definitions/domains/TypQt",
						"title": "Shipping Quantity"
					},
					"ShpngUomCd": {
						"$ref": "#/definitions/domains/TypMeaUnitCd",
						"title": "Shipping UOM Code"
					},
					"ShpngUnitPrice": {
						"$ref": "#/definitions/domains/TypPrice",
						"title": "Shipping Unit Price"
					},
					"ShpngLnTrAmt": {
						"$ref": "#/definitions/domains/TypAmt",
						"title": "Shipping Line Transaction Amount"
					},
					"SalOrdLnId": {
						"$ref": "#/definitions/domains/TypId60",
						"title": "Sales Order Line ID"
					},
					"SalOrdLnQt": {
						"$ref": "#/definitions/domains/TypQt",
						"title": "Sales Order Line Quantity"
					},
					"OrdLnUomCd": {
						"$ref": "#/definitions/domains/TypMeaUnitCd",
						"title": "Order Line UOM Code"
					},
					"OrdLnUnitPrice": {
						"$ref": "#/definitions/domains/TypPrice",
						"title": "Order Line Unit Price"
					},
					"OrdLnTrAmt": {
						"$ref": "#/definitions/domains/TypAmt",
						"title": "Order Line Transaction Amount"
					},
					"BusSg": {
						"type": "array",
						"title": "sal shipment made details - BUSINESS SEGMENT",
						"minItems": 0,
						"maxItems": 999999,
						"items": {
							"type": "object",
							"additionalProperties": false,
							"properties": {
								"BusSgCd": {
									"$ref": "#/definitions/domains/TypId25",
									"title": "Business Segment Code"
								}
							},
							"required": [ ]
						}
					}
				},
				"required": [ "ShpId" ]
			}
		}
	},
	"required": [ ],
	"definitions": {
		"domains": {
			"TypAmt": {
				"type": "number", 
				"multipleOf": 0.0001,
				"title": "AMOUNT"
			},
			"TypId100": {
				"type": "string", 
				"maxLength": 100,
				"title": "IDENTIFIER 100"
			},
			"TypId25": {
				"type": "string", 
				"maxLength": 25,
				"title": "IDENTIFIER 25"
			},
			"TypId60": {
				"type": "string", 
				"maxLength": 60,
				"title": "IDENTIFIER 60"
			},
			"TypId75": {
				"type": "string", 
				"maxLength": 75,
				"title": "IDENTIFIER 75"
			},
			"TypMeaUnitCd": {
				"type": "string", 
				"maxLength": 80,
				"title": "MEASUREMENT UNIT CODE"
			},
			"TypPrice": {
				"type": "number", 
				"multipleOf": 0.00000001,
				"title": "PRICE"
			},
			"TypQt": {
				"type": "number", 
				"multipleOf": 0.0001,
				"title": "QUANTITY"
			},
			"TypText10": {
				"type": "string", 
				"maxLength": 10,
				"title": "TEXT 10"
			}
		}
	}
}
