{
	"$schema": "http://json-schema.org/draft-06/schema#",
	"$id": "http://schemas.iso.org/AdcsML/Messages/AdcSalShipmentsMade_jsd6-v1",
	"description": "JSON Definition of message hierarchy: ADC SAL Shipments Made v1.0",
	"modelRef": [
		"Message:             ADC SAL Shipments Made v1.0",
		"Message Rev.:        6",
		"Transaction:         AA - Audit Data Collection",
		"Transaction Rev.:    278 - Audit Data Collection",
		"Datamodel:           Audit Data Collection Datamodel, version HEAD",
		"Datamodel Rev.:      379",
		"XML tagset used:     AdcsML",
		"Generated at:        08-06-2021 18:59:47",
		"Generated using:     EC-Design 2.5.0 (http://www.ec-design.nl)",
		"Generated by:        Jan Vrijenhoek (Digitect)",
		"Organisation:        Digitect B.V. (Digitect)",
		"NOTE:    This schema was generated automatically: manual modifications will be lost",
		"NOTE:    Additional rules/conditions regarding the definition may exist, see functional hierarchical specification"
	],
	"type": "object",
	"additionalProperties": false,
	"properties": {
		"SalShpMade": {
			"type": "array",
			"title": "SAL SHIPMENT MADE",
			"minItems": 0,
			"maxItems": 999999,
			"items": {
				"type": "object",
				"additionalProperties": false,
				"properties": {
					"ShpId": {
						"$ref": "#/definitions/domains/TypId100",
						"title": "Shipment ID"
					},
					"ShpNr": {
						"$ref": "#/definitions/domains/TypText100",
						"title": "Shipment Number"
					},
					"FiscYr": {
						"$ref": "#/definitions/domains/TypYrId",
						"title": "Fiscal Year"
					},
					"AcntingPer": {
						"$ref": "#/definitions/domains/TypPerId",
						"title": "Accounting Period"
					},
					"DispOrgCd": {
						"$ref": "#/definitions/domains/TypId25",
						"title": "Dispatch Organization Code"
					},
					"ShpDt": {
						"$ref": "#/definitions/domains/TypDt",
						"title": "Shipment Date"
					},
					"ShpRefNr": {
						"$ref": "#/definitions/domains/TypId100",
						"title": "Shipment Reference Number"
					},
					"ShpngTrAmt": {
						"$ref": "#/definitions/domains/TypAmt",
						"title": "Shipping Transaction Amount"
					},
					"ShpngTrCurCd": {
						"$ref": "#/definitions/domains/TypCurCd",
						"title": "Shipping Transaction CUR Code"
					},
					"ShpMthd": {
						"$ref": "#/definitions/domains/TypText60",
						"title": "Shipment Method"
					},
					"Shipper": {
						"$ref": "#/definitions/domains/TypText25",
						"title": "Shipper"
					},
					"AdjInd": {
						"$ref": "#/definitions/domains/TypAdjInd",
						"title": "Adjustment Indicator"
					},
					"AdjDscr": {
						"$ref": "#/definitions/domains/TypText1000",
						"title": "Adjustment Description"
					},
					"CustAcntId": {
						"$ref": "#/definitions/domains/TypId100",
						"title": "Customer Account ID"
					},
					"SalOrdId": {
						"$ref": "#/definitions/domains/TypId100",
						"title": "Sales Order ID"
					},
					"Crea": {
						"type": "object",
						"additionalProperties": false,
						"properties": {
							"UserId": {
								"$ref": "#/definitions/domains/TypId25",
								"title": "User ID"
							},
							"Dt": {
								"$ref": "#/definitions/domains/TypDt",
								"title": "Date"
							},
							"Tm": {
								"$ref": "#/definitions/domains/TypTm",
								"title": "Time"
							}
						},
						"required": [ ]
					},
					"Aprv": {
						"type": "object",
						"additionalProperties": false,
						"properties": {
							"UserId": {
								"$ref": "#/definitions/domains/TypId25",
								"title": "User ID"
							},
							"Dt": {
								"$ref": "#/definitions/domains/TypDt",
								"title": "Date"
							},
							"Tm": {
								"$ref": "#/definitions/domains/TypTm",
								"title": "Time"
							}
						},
						"required": [ ]
					},
					"LstMdf": {
						"type": "object",
						"additionalProperties": false,
						"properties": {
							"UserId": {
								"$ref": "#/definitions/domains/TypId25",
								"title": "User ID"
							},
							"Dt": {
								"$ref": "#/definitions/domains/TypDt",
								"title": "Date"
							},
							"Tm": {
								"$ref": "#/definitions/domains/TypTm",
								"title": "Time"
							}
						},
						"required": [ ]
					},
					"BusSg": {
						"type": "array",
						"title": "sal shipment made - BUSINESS SEGMENT",
						"minItems": 0,
						"maxItems": 999999,
						"items": {
							"type": "object",
							"additionalProperties": false,
							"properties": {
								"BusSgCd": {
									"$ref": "#/definitions/domains/TypId25",
									"title": "Business Segment Code"
								}
							},
							"required": [ ]
						}
					}
				},
				"required": [ "ShpId" ]
			}
		}
	},
	"required": [ ],
	"definitions": {
		"domains": {
			"TypAdjInd": {
				"type": "string", 
				"maxLength": 1,
				"enum": [
					"0",
					"1"
				],
				"enum_title": [
					"Transaction is the original transaction.",
					"Transaction is an adjustment."
				],
				"title": "ADJUSTMENT INDICATOR"
			},
			"TypAmt": {
				"type": "number", 
				"multipleOf": 0.0001,
				"title": "AMOUNT"
			},
			"TypCurCd": {
				"type": "string", 
				"minLength": 3,
				"maxLength": 3,
				"title": "CURRENCY CODE"
			},
			"TypDt": {
				"type": "string", 
				"minLength": 10,
				"maxLength": 10,
				"pattern": "^\\d{4}-(0[1-9]|1[0-2])-(0[1-9]|[1-2]\\d|3[0-1])$",
				"title": "DATE (CCYY-MM-DD)"
			},
			"TypId100": {
				"type": "string", 
				"maxLength": 100,
				"title": "IDENTIFIER 100"
			},
			"TypId25": {
				"type": "string", 
				"maxLength": 25,
				"title": "IDENTIFIER 25"
			},
			"TypPerId": {
				"type": "string", 
				"maxLength": 15,
				"title": "PERIOD IDENTIFIER"
			},
			"TypText100": {
				"type": "string", 
				"maxLength": 100,
				"title": "TEXT 100"
			},
			"TypText1000": {
				"type": "string", 
				"maxLength": 1000,
				"title": "TEXT 1000"
			},
			"TypText25": {
				"type": "string", 
				"maxLength": 25,
				"title": "TEXT 25"
			},
			"TypText60": {
				"type": "string", 
				"maxLength": 60,
				"title": "TEXT 60"
			},
			"TypTm": {
				"type": "string", 
				"maxLength": 8,
				"title": "TIME"
			},
			"TypYrId": {
				"type": "integer", 
				"title": "YEAR IDENTIFIER"
			}
		}
	}
}
